# year,month,day,hour,Kod,Pgr,Sas,Rkn,Pyk,Han
2009,1,12,0,19.24,17.64,5.04,-14.52,9.03,13.59
2009,1,12,1,19.40,17.68,4.98,-14.68,8.99,13.81
2009,1,12,2,19.55,17.65,4.84,-14.29,8.91,14.06
2009,1,12,3,19.53,17.53,4.70,-14.41,8.75,14.36
2009,1,12,4,19.63,17.30,4.79,-14.49,8.57,14.62
2009,1,12,5,19.89,17.10,5.08,-14.58,8.35,14.91
2009,1,12,6,20.13,17.07,5.28,-14.78,8.14,15.25
2009,1,12,7,20.15,17.13,5.30,-15.03,7.90,15.65
2009,1,12,8,20.08,16.96,5.34,-14.84,7.79,15.80
2009,1,12,9,20.19,16.63,5.45,-14.58,7.86,15.85
2009,1,12,10,20.45,16.40,5.57,-14.40,7.71,15.94
2009,1,12,11,20.63,16.35,5.60,-14.25,7.48,16.22
2009,1,12,12,20.65,16.26,5.46,-14.28,7.51,16.44
2009,1,12,13,20.82,15.98,5.05,-14.46,7.43,16.62
2009,1,12,14,21.10,15.59,4.51,-14.21,7.30,16.69
2009,1,12,15,21.50,15.28,4.13,-14.40,7.23,16.63
2009,1,12,16,22.06,15.03,3.83,-14.31,7.13,16.87
2009,1,12,17,22.62,15.16,3.64,-14.51,7.05,17.00
2009,1,12,18,23.16,15.45,3.59,-14.79,6.90,17.17
2009,1,12,19,23.52,15.43,3.48,-14.94,6.58,17.47
2009,1,12,20,23.37,15.17,3.08,-15.17,6.26,17.52
2009,1,12,21,23.11,14.85,2.40,-15.66,6.08,17.40
2009,1,12,22,23.12,14.25,1.78,-16.07,6.04,17.37
2009,1,12,23,22.97,13.85,1.35,-16.51,6.03,17.53
2009,1,13,0,22.64,13.46,1.35,-16.66,5.94,17.63
2009,1,13,1,22.56,13.23,1.25,-16.94,5.72,17.57
2009,1,13,2,22.44,13.36,1.18,-17.33,5.47,17.51
2009,1,13,3,22.26,13.56,1.14,-17.83,5.19,17.30
2009,1,13,4,22.41,13.64,1.06,-18.06,5.03,17.23
2009,1,13,5,22.67,13.59,0.81,-18.94,4.94,17.11
2009,1,13,6,22.77,13.47,0.45,-19.56,4.72,17.17
2009,1,13,7,22.58,13.27,0.35,-19.70,4.31,17.01
2009,1,13,8,22.10,13.17,0.55,-19.61,3.91,16.70
2009,1,13,9,21.58,13.10,0.56,-19.70,3.52,16.37
2009,1,13,10,21.36,12.83,0.25,-20.01,2.96,16.27
2009,1,13,11,21.36,12.31,-0.33,-20.48,2.29,16.14
2009,1,13,12,21.22,11.54,-1.02,-21.03,1.65,15.87
2009,1,13,13,20.93,10.68,-1.66,-21.58,1.08,15.33
2009,1,13,14,20.62,10.04,-2.15,-22.05,0.49,14.93
2009,1,13,15,20.43,9.52,-2.41,-22.30,0.08,14.68
2009,1,13,16,20.41,9.13,-2.73,-22.41,-0.25,14.59
2009,1,13,17,20.53,8.98,-3.22,-22.91,-0.51,14.44
2009,1,13,18,20.81,8.73,-3.75,-23.53,-0.82,14.10
2009,1,13,19,21.09,8.25,-4.14,-23.79,-1.08,13.65
2009,1,13,20,21.06,8.01,-4.46,-24.03,-1.33,13.30
2009,1,13,21,20.84,7.84,-4.69,-24.17,-1.80,13.22
2009,1,13,22,20.74,7.49,-5.00,-24.62,-2.29,13.12
2009,1,13,23,20.65,7.11,-5.36,-25.00,-2.53,12.90
2009,1,14,0,20.53,6.62,-5.85,-25.42,-2.89,12.56
2009,1,14,1,20.30,6.15,-6.49,-26.21,-3.35,12.11
2009,1,14,2,20.03,5.65,-6.99,-26.76,-3.60,11.52
2009,1,14,3,19.94,5.06,-7.33,-26.96,-3.82,11.01
2009,1,14,4,19.77,4.62,-7.60,-27.07,-4.30,10.55
2009,1,14,5,19.49,4.39,-8.01,-27.34,-4.75,10.04
2009,1,14,6,19.36,4.18,-8.55,-27.64,-5.26,9.47
2009,1,14,7,19.54,3.64,-9.06,-27.76,-5.81,8.97
2009,1,14,8,19.81,2.94,-9.49,-27.70,-6.42,8.47
2009,1,14,9,19.92,2.31,-9.77,-27.72,-6.96,7.98
2009,1,14,10,19.76,1.77,-9.86,-27.76,-7.40,7.52
2009,1,14,11,19.50,1.23,-9.88,-27.90,-7.73,6.93
2009,1,14,12,19.33,0.85,-10.03,-28.18,-7.95,6.17
2009,1,14,13,19.29,0.43,-10.69,-28.37,-8.14,5.36
2009,1,14,14,19.29,-0.23,-11.27,-28.42,-8.48,4.50
2009,1,14,15,19.43,-0.79,-11.76,-28.34,-8.82,3.94
2009,1,14,16,19.43,-0.95,-12.05,-28.24,-9.15,3.71
2009,1,14,17,19.19,-0.95,-12.11,-28.15,-9.43,3.35
2009,1,14,18,18.83,-0.96,-12.15,-27.90,-9.72,2.57
2009,1,14,19,18.38,-1.28,-12.43,-28.10,-10.23,1.66
2009,1,14,20,18.09,-1.82,-13.00,-28.42,-10.49,1.04
2009,1,14,21,18.10,-2.43,-13.75,-28.90,-10.61,0.71
2009,1,14,22,18.15,-3.06,-14.28,-29.44,-10.60,0.69
2009,1,14,23,17.96,-3.71,-14.58,-29.32,-10.73,0.68
2009,1,15,0,17.34,-4.19,-14.64,-28.62,-11.14,0.43
2009,1,15,1,16.52,-4.59,-14.54,-28.16,-11.73,0.24
2009,1,15,2,16.14,-5.04,-14.69,-27.77,-12.11,0.06
2009,1,15,3,16.15,-5.45,-14.98,-27.89,-12.17,-0.21
2009,1,15,4,16.06,-5.67,-15.27,-28.10,-12.19,-0.19
2009,1,15,5,15.54,-6.04,-15.45,-28.00,-12.37,-0.31
2009,1,15,6,14.77,-6.54,-15.70,-27.52,-12.78,-0.65
2009,1,15,7,14.10,-7.19,-16.04,-27.35,-13.33,-0.99
2009,1,15,8,13.80,-7.76,-16.50,-27.19,-13.74,-1.24
2009,1,15,9,13.77,-8.03,-16.78,-27.35,-14.02,-1.40
2009,1,15,10,13.70,-8.02,-16.79,-27.52,-14.35,-1.41
2009,1,15,11,13.42,-7.94,-16.89,-27.47,-14.76,-1.39
2009,1,15,12,13.07,-7.96,-16.96,-27.43,-15.19,-1.60
2009,1,15,13,12.99,-8.14,-17.16,-27.35,-15.49,-1.98
2009,1,15,14,13.02,-8.53,-17.68,-27.15,-16.03,-2.36
2009,1,15,15,12.87,-8.95,-18.31,-27.17,-16.56,-2.86
2009,1,15,16,12.52,-9.20,-18.59,-27.09,-16.96,-3.26
2009,1,15,17,12.24,-9.36,-18.71,-26.85,-17.32,-3.47
2009,1,15,18,12.02,-9.51,-18.99,-26.61,-17.79,-3.63
2009,1,15,19,12.04,-9.70,-19.35,-26.61,-18.38,-3.74
2009,1,15,20,12.23,-9.88,-19.87,-26.61,-18.82,-4.09
2009,1,15,21,12.20,-10.19,-20.28,-26.48,-19.08,-4.15
2009,1,15,22,12.06,-10.43,-20.65,-26.32,-19.22,-3.98
2009,1,15,23,11.96,-10.71,-21.02,-26.55,-19.53,-3.88
2009,1,16,0,11.94,-10.70,-21.47,-26.18,-20.05,-3.84
2009,1,16,1,11.84,-10.86,-21.77,-25.62,-20.43,-3.86
2009,1,16,2,11.72,-11.05,-21.90,-25.42,-20.60,-3.93
2009,1,16,3,11.67,-11.20,-22.08,-25.02,-20.66,-4.09
2009,1,16,4,11.47,-11.12,-22.39,-25.01,-20.97,-4.05
2009,1,16,5,11.24,-11.09,-22.74,-25.14,-21.58,-4.04
2009,1,16,6,11.08,-11.21,-23.24,-25.01,-22.18,-4.27
2009,1,16,7,10.99,-11.53,-23.67,-24.61,-22.66,-4.58
2009,1,16,8,10.89,-11.55,-23.93,-24.30,-23.15,-4.64
2009,1,16,9,10.77,-11.31,-24.02,-24.29,-23.42,-4.60
2009,1,16,10,10.68,-11.06,-24.16,-24.29,-23.61,-4.48
2009,1,16,11,10.51,-10.92,-24.49,-24.36,-23.81,-4.44
2009,1,16,12,10.33,-10.62,-24.82,-24.02,-24.13,-4.78
2009,1,16,13,10.03,-10.40,-24.95,-23.43,-24.49,-5.39
2009,1,16,14,9.79,-10.33,-24.91,-23.19,-25.20,-5.76
2009,1,16,15,9.44,-10.24,-24.79,-22.68,-26.10,-5.78
2009,1,16,16,8.96,-9.95,-24.78,-22.44,-26.73,-5.46
2009,1,16,17,8.57,-9.82,-24.84,-22.38,-26.95,-5.12
2009,1,16,18,8.34,-9.81,-25.05,-22.12,-26.90,-5.05
2009,1,16,19,8.10,-9.66,-25.29,-21.79,-26.83,-5.02
2009,1,16,20,7.95,-9.37,-25.38,-21.45,-26.80,-4.85
2009,1,16,21,7.79,-9.06,-25.23,-21.29,-26.88,-4.59
2009,1,16,22,7.74,-8.49,-25.04,-20.35,-27.03,-4.19
2009,1,16,23,8.02,-7.90,-24.91,-19.90,-26.98,-4.14
2009,1,17,0,8.38,-7.25,-24.91,-19.90,-26.74,-4.11
2009,1,17,1,8.34,-6.70,-24.25,-19.56,-26.52,-3.89
2009,1,17,2,8.12,-6.40,-23.74,-18.90,-26.47,-3.65
2009,1,17,3,8.01,-6.32,-23.65,-18.33,-26.65,-3.25
2009,1,17,4,7.76,-6.17,-23.25,-18.33,-26.80,-2.88
2009,1,17,5,7.51,-6.00,-22.76,-18.13,-26.75,-2.74
2009,1,17,6,7.41,-5.91,-22.33,-18.03,-26.46,-3.01
2009,1,17,7,7.56,-5.87,-22.18,-17.99,-26.12,-2.96
2009,1,17,8,7.84,-5.81,-22.20,-17.80,-25.76,-2.57
2009,1,17,9,8.29,-5.87,-21.99,-17.64,-25.15,-2.13
2009,1,17,10,8.67,-5.74,-21.42,-17.49,-24.55,-1.74
2009,1,17,11,8.80,-5.26,-20.61,-17.39,-23.99,-1.26
2009,1,17,12,8.82,-4.57,-19.80,-17.11,-23.37,-1.20
2009,1,17,13,8.85,-4.00,-19.06,-16.68,-22.92,-1.28
2009,1,17,14,8.95,-3.48,-18.50,-16.31,-22.64,-1.19
2009,1,17,15,9.10,-3.09,-17.99,-16.30,-22.42,-1.01
2009,1,17,16,9.25,-2.58,-17.51,-16.62,-22.02,-0.76
2009,1,17,17,9.27,-2.05,-17.02,-16.57,-21.50,-0.47
2009,1,17,18,9.13,-1.57,-16.34,-16.21,-20.83,-0.31
2009,1,17,19,9.03,-1.10,-15.61,-15.76,-20.16,-0.12
2009,1,17,20,8.93,-0.51,-14.98,-15.45,-19.48,0.44
2009,1,17,21,8.74,0.13,-14.33,-15.42,-18.74,1.02
2009,1,17,22,8.72,0.95,-13.70,-14.94,-18.20,1.47
2009,1,17,23,8.91,1.29,-13.53,-15.01,-17.65,1.73
2009,1,18,0,9.20,1.89,-13.22,-15.23,-16.94,1.98
2009,1,18,1,9.43,2.40,-12.38,-14.86,-16.50,2.27
2009,1,18,2,9.48,2.97,-11.63,-14.38,-16.37,2.58
2009,1,18,3,9.31,3.76,-10.97,-14.01,-16.16,2.94
2009,1,18,4,9.34,4.59,-10.40,-13.83,-15.69,3.29
2009,1,18,5,9.72,5.25,-9.83,-13.76,-15.31,3.59
2009,1,18,6,9.86,5.80,-9.23,-13.62,-14.83,3.81
2009,1,18,7,9.72,6.35,-8.65,-13.39,-14.41,3.99
2009,1,18,8,9.39,6.99,-8.03,-13.36,-14.18,4.44
2009,1,18,9,9.15,7.61,-7.51,-13.20,-13.82,5.06
2009,1,18,10,9.06,8.02,-6.95,-12.85,-13.26,5.53
2009,1,18,11,9.06,8.41,-6.32,-12.62,-12.79,5.91
2009,1,18,12,9.16,8.83,-5.64,-12.47,-12.57,6.14
2009,1,18,13,9.29,9.37,-5.03,-12.34,-12.49,6.29
2009,1,18,14,9.22,9.97,-4.39,-12.26,-12.27,6.72
2009,1,18,15,9.05,10.50,-3.69,-12.12,-12.07,7.21
2009,1,18,16,8.93,10.80,-3.01,-11.82,-11.76,7.63
2009,1,18,17,9.09,11.01,-2.52,-11.63,-11.48,7.96
2009,1,18,18,9.47,11.25,-2.54,-11.72,-10.91,8.40
2009,1,18,19,9.94,11.45,-2.59,-11.70,-10.03,8.85
2009,1,18,20,10.09,11.61,-2.49,-11.71,-9.05,9.36
2009,1,18,21,9.99,11.85,-2.12,-11.50,-8.31,9.99
2009,1,18,22,9.99,12.09,-1.62,-10.27,-7.96,10.65
2009,1,18,23,10.31,12.49,-1.23,-9.97,-7.79,11.03
2009,1,19,0,10.97,12.96,-1.08,-10.17,-7.53,11.35
2009,1,19,1,11.63,13.50,-1.00,-10.50,-6.93,11.50
2009,1,19,2,11.90,14.05,-0.81,-10.88,-6.16,11.75
2009,1,19,3,11.90,14.39,-0.70,-10.87,-5.63,12.18
2009,1,19,4,12.00,14.46,-0.56,-10.62,-5.16,12.63
2009,1,19,5,12.32,14.49,-0.25,-10.43,-4.47,13.12
2009,1,19,6,12.62,14.70,0.09,-10.34,-3.85,13.51
2009,1,19,7,12.90,15.00,0.40,-10.01,-3.19,13.75
2009,1,19,8,13.09,15.27,0.60,-9.94,-2.39,13.86
2009,1,19,9,13.21,15.45,0.62,-9.78,-1.68,14.02
2009,1,19,10,13.27,15.60,0.63,-9.39,-0.95,14.46
2009,1,19,11,13.47,15.94,0.80,-9.27,-0.45,14.76
2009,1,19,12,13.78,16.49,1.01,-9.22,-0.03,15.10
2009,1,19,13,13.93,16.96,1.33,-9.20,0.68,15.50
2009,1,19,14,13.89,17.34,1.77,-9.00,1.73,16.09
2009,1,19,15,13.80,17.74,2.14,-8.74,2.63,16.91
2009,1,19,16,13.95,18.09,2.66,-8.18,3.25,17.81
2009,1,19,17,14.12,18.70,3.27,-8.08,3.63,18.50
2009,1,19,18,14.23,19.39,3.84,-7.65,4.13,18.78
2009,1,19,19,14.26,20.03,4.32,-7.40,4.92,19.07
2009,1,19,20,14.23,20.53,4.76,-7.03,5.92,19.51
2009,1,19,21,14.27,21.09,5.31,-6.87,6.95,19.86
2009,1,19,22,14.46,21.54,5.96,-6.51,7.50,20.11
2009,1,19,23,14.54,22.31,6.59,-6.51,7.73,20.19
2009,1,20,0,14.44,23.04,7.27,-6.23,7.91,20.01
2009,1,20,1,14.52,23.49,7.93,-6.03,8.29,19.73
2009,1,20,2,14.54,23.97,8.25,-6.11,8.85,19.49
2009,1,20,3,14.58,24.38,8.43,-6.35,9.38,19.46
2009,1,20,4,14.75,24.57,8.73,-6.33,9.97,19.39
2009,1,20,5,14.88,24.81,9.02,-5.96,10.64,19.22
2009,1,20,6,14.84,25.01,9.51,-5.65,11.03,19.18
2009,1,20,7,14.76,25.24,9.81,-5.46,11.50,19.17
2009,1,20,8,14.70,25.44,10.16,-5.44,12.17,19.09
2009,1,20,9,14.68,25.46,10.50,-5.22,12.59,19.03
2009,1,20,10,14.58,25.49,10.50,-5.07,12.87,18.85
2009,1,20,11,14.55,25.58,10.50,-4.82,12.99,18.63
2009,1,20,12,14.78,25.38,10.50,-4.81,12.97,18.77
2009,1,20,13,14.94,25.26,10.50,-4.81,13.11,19.25
2009,1,20,14,14.88,25.28,10.50,-4.91,13.84,19.74
2009,1,20,15,14.85,25.30,10.50,-5.12,14.81,20.04
2009,1,20,16,14.81,25.22,10.88,-5.00,15.42,20.24
2009,1,20,17,14.73,25.09,11.52,-4.61,15.65,20.41
2009,1,20,18,14.60,24.89,12.09,-4.21,15.78,20.56
2009,1,20,19,14.54,24.80,12.42,-4.24,15.90,20.63
2009,1,20,20,14.64,24.68,12.58,-4.50,16.05,20.60
2009,1,20,21,14.97,24.52,12.96,-4.37,16.17,20.59
2009,1,20,22,15.14,24.39,13.43,-4.19,16.22,20.64
2009,1,20,23,14.93,24.24,13.71,-4.19,16.02,20.77
2009,1,21,0,14.70,24.08,13.86,-4.19,15.74,20.94
2009,1,21,1,14.79,23.60,13.78,-3.80,15.60,21.14
2009,1,21,2,15.07,23.36,13.67,-3.70,15.68,21.24
2009,1,21,3,15.26,23.24,13.78,-3.54,16.07,21.16
2009,1,21,4,15.47,23.25,13.91,-3.12,16.31,21.19
2009,1,21,5,15.64,23.33,14.14,-2.44,16.09,21.42
2009,1,21,6,15.57,23.54,14.42,-1.71,15.78,21.77
2009,1,21,7,15.69,23.88,14.67,-1.24,15.47,21.90
2009,1,21,8,16.06,24.27,15.12,-1.07,15.09,21.86
2009,1,21,9,16.41,24.79,15.74,-0.75,14.55,21.85
2009,1,21,10,16.58,25.31,16.45,-0.26,14.01,21.91
2009,1,21,11,16.61,25.63,17.25,0.35,13.40,21.98
2009,1,21,12,16.65,25.86,18.22,0.79,12.77,22.42
2009,1,21,13,16.75,26.27,19.07,1.07,12.33,23.02
2009,1,21,14,16.88,26.73,19.83,1.37,12.13,23.30
2009,1,21,15,16.89,27.20,20.36,2.03,12.02,23.21
2009,1,21,16,16.84,27.43,20.76,3.03,11.53,23.10
2009,1,21,17,16.77,27.49,21.12,3.73,10.64,23.04
2009,1,21,18,16.58,27.69,21.27,4.25,9.75,23.09
2009,1,21,19,16.29,28.13,21.52,4.38,8.95,23.10
2009,1,21,20,16.04,28.55,22.15,4.58,8.25,22.86
2009,1,21,21,15.91,28.96,22.90,5.57,7.82,22.58
2009,1,21,22,15.73,29.01,23.49,6.47,7.42,22.53
2009,1,21,23,15.43,29.00,23.57,7.44,6.68,22.80
2009,1,22,0,14.92,28.93,23.58,8.24,6.07,23.06
2009,1,22,1,14.42,28.99,23.83,8.80,5.88,23.06
2009,1,22,2,14.03,29.14,24.18,8.97,5.84,22.96
2009,1,22,3,13.77,29.21,24.46,9.16,5.74,22.94
2009,1,22,4,13.59,29.02,24.66,9.63,5.31,23.11
2009,1,22,5,13.17,28.91,24.86,10.00,5.03,23.36
2009,1,22,6,12.67,28.80,25.30,10.51,4.87,23.43
2009,1,22,7,12.34,28.96,25.93,11.05,4.88,23.47
2009,1,22,8,12.28,29.33,26.68,11.51,4.94,23.16
2009,1,22,9,12.26,29.78,27.67,11.87,4.76,22.71
2009,1,22,10,12.16,30.25,28.61,12.16,4.13,22.44
2009,1,22,11,12.08,30.51,29.36,12.52,3.42,22.43
2009,1,22,12,12.10,30.52,30.17,13.15,2.99,22.78
2009,1,22,13,12.08,30.55,31.21,13.82,2.74,23.21
2009,1,22,14,12.03,30.88,32.29,14.25,2.69,23.44
2009,1,22,15,11.93,31.09,33.11,14.40,2.82,23.35
2009,1,22,16,11.88,31.09,33.68,14.75,2.47,22.95
2009,1,22,17,11.73,31.08,34.04,15.04,1.82,22.68
2009,1,22,18,11.40,31.00,34.57,15.54,1.09,22.47
2009,1,22,19,11.15,31.23,35.20,16.16,0.31,22.18
2009,1,22,20,11.12,31.89,36.14,16.72,-0.68,21.72
2009,1,22,21,11.12,32.45,37.28,16.93,-1.52,21.15
2009,1,22,22,10.95,32.84,38.21,17.16,-2.27,20.65
2009,1,22,23,10.58,32.81,38.98,17.47,-2.84,20.52
2009,1,23,0,10.31,32.70,39.58,18.00,-3.10,20.49
2009,1,23,1,10.32,32.71,40.03,18.49,-3.35,20.32
2009,1,23,2,10.40,32.97,40.59,18.97,-3.77,20.07
2009,1,23,3,10.34,33.23,41.45,19.35,-4.38,19.65
2009,1,23,4,10.33,33.44,42.18,19.63,-5.28,19.04
2009,1,23,5,10.29,33.78,42.51,19.84,-6.26,18.71
2009,1,23,6,10.40,34.02,42.89,20.00,-6.84,18.53
2009,1,23,7,10.42,34.18,43.37,20.08,-7.35,18.40
2009,1,23,8,10.17,34.34,43.93,20.34,-8.08,18.24
2009,1,23,9,10.00,34.49,44.55,20.56,-9.12,18.07
2009,1,23,10,9.88,34.55,45.21,20.51,-10.20,17.76
2009,1,23,11,10.05,34.56,45.83,20.55,-10.93,17.58
2009,1,23,12,10.31,34.55,46.54,20.86,-11.50,17.37
2009,1,23,13,10.51,34.71,47.58,21.45,-12.33,17.22
2009,1,23,14,10.60,35.15,48.65,21.44,-13.12,16.96
2009,1,23,15,10.84,35.53,49.60,21.81,-13.43,16.37
2009,1,23,16,11.08,35.87,50.22,21.74,-13.40,15.58
2009,1,23,17,11.22,35.97,50.55,21.84,-13.47,15.05
2009,1,23,18,11.33,35.77,50.95,21.93,-13.81,14.91
2009,1,23,19,11.32,35.52,51.40,22.57,-14.44,14.69
2009,1,23,20,11.39,35.53,51.75,22.57,-15.18,14.23
2009,1,23,21,11.71,35.59,51.74,22.57,-16.01,13.83
2009,1,23,22,12.08,35.70,51.62,22.57,-16.73,13.53
2009,1,23,23,12.07,35.77,51.74,22.57,-17.16,13.36
2009,1,24,0,12.13,35.74,52.09,23.04,-17.38,13.39
2009,1,24,1,12.22,35.75,52.47,23.58,-17.75,13.50
2009,1,24,2,12.23,35.85,53.08,24.12,-18.28,13.70
2009,1,24,3,12.21,35.99,53.76,24.65,-18.87,13.91
2009,1,24,4,12.31,36.22,54.08,25.19,-19.30,14.09
2009,1,24,5,12.61,36.34,54.19,25.40,-19.43,14.40
2009,1,24,6,12.94,36.51,54.11,25.60,-19.31,14.68
2009,1,24,7,13.16,36.77,53.93,25.78,-19.32,14.86
2009,1,24,8,13.35,36.94,53.80,26.12,-19.52,15.00
2009,1,24,9,13.53,37.19,53.74,26.42,-19.75,14.87
2009,1,24,10,13.72,37.52,53.47,26.62,-19.96,14.67
2009,1,24,11,13.79,37.84,53.22,26.81,-20.25,14.55
2009,1,24,12,13.69,38.19,53.05,27.16,-20.48,14.66
2009,1,24,13,13.74,38.66,52.84,27.47,-20.63,14.61
2009,1,24,14,14.03,39.30,52.58,27.72,-20.51,14.48
2009,1,24,15,14.47,39.89,52.36,27.92,-20.05,14.32
2009,1,24,16,14.84,40.45,52.32,27.98,-19.40,13.96
2009,1,24,17,15.17,40.75,52.14,28.15,-18.94,13.65
2009,1,24,18,15.47,41.08,52.04,28.36,-18.71,13.39
2009,1,24,19,15.70,41.35,52.12,28.53,-18.61,13.13
2009,1,24,20,15.85,41.84,52.26,28.69,-18.66,12.99
2009,1,24,21,15.91,42.29,52.06,28.92,-18.52,12.86
2009,1,24,22,15.81,42.49,51.77,29.06,-18.42,12.50
2009,1,24,23,15.83,42.75,51.67,29.04,-18.42,12.10
2009,1,25,0,16.02,42.96,51.83,29.10,-18.32,11.66
2009,1,25,1,15.97,43.68,52.08,29.35,-18.25,11.22
2009,1,25,2,16.58,44.02,52.47,29.67,-18.16,10.97
2009,1,25,3,17.13,44.80,52.69,29.88,-18.03,10.77
2009,1,25,4,17.39,45.25,52.74,29.64,-17.76,10.49
2009,1,25,5,17.58,45.37,52.59,29.24,-17.29,10.22
2009,1,25,6,17.87,45.32,52.52,28.63,-16.91,10.00
2009,1,25,7,18.20,45.32,52.62,28.24,-16.62,9.74
2009,1,25,8,18.58,45.48,52.68,28.09,-16.42,9.40
2009,1,25,9,18.81,45.78,52.72,27.98,-16.29,8.84
2009,1,25,10,18.96,45.97,52.74,27.99,-15.98,8.27
2009,1,25,11,19.27,46.07,52.67,27.85,-15.42,7.73
2009,1,25,12,19.68,46.07,52.49,27.53,-14.67,7.36
2009,1,25,13,20.18,46.00,52.30,27.29,-13.95,7.11
2009,1,25,14,20.86,45.95,52.27,27.09,-13.44,6.85
2009,1,25,15,21.68,46.16,52.40,26.90,-13.13,6.83
2009,1,25,16,22.21,46.41,52.69,26.65,-12.53,6.83
2009,1,25,17,22.63,46.36,53.09,26.50,-11.63,6.77
2009,1,25,18,23.05,46.18,53.29,25.92,-10.74,6.80
2009,1,25,19,23.50,45.96,53.06,25.42,-10.24,7.00
2009,1,25,20,24.01,45.52,52.56,25.57,-10.09,7.06
2009,1,25,21,24.52,45.10,52.04,25.56,-10.15,6.80
2009,1,25,22,24.97,44.86,51.89,25.20,-10.04,6.42
2009,1,25,23,25.52,44.94,52.22,25.03,-9.62,6.09
2009,1,26,0,26.19,45.35,52.57,24.74,-9.27,6.00
2009,1,26,1,27.15,45.78,52.82,24.60,-9.06,6.16
2009,1,26,2,28.16,46.20,52.97,24.67,-8.92,6.32
2009,1,26,3,28.92,46.59,53.11,24.77,-8.76,6.10
2009,1,26,4,29.33,46.88,53.18,24.77,-8.22,5.96
2009,1,26,5,29.71,46.87,53.26,24.70,-7.73,5.82
2009,1,26,6,30.17,46.83,53.06,24.44,-7.57,6.12
2009,1,26,7,30.50,46.77,52.63,24.09,-7.69,6.41
2009,1,26,8,30.88,46.51,52.06,23.99,-7.77,6.50
2009,1,26,9,31.25,46.23,51.40,23.92,-7.62,6.40
2009,1,26,10,31.59,46.12,50.84,23.73,-7.09,6.15
2009,1,26,11,31.97,46.14,50.53,23.50,-6.41,5.86
2009,1,26,12,32.26,46.29,50.36,23.16,-5.78,5.72
2009,1,26,13,32.49,46.47,50.20,22.89,-5.32,5.69
2009,1,26,14,32.81,46.65,49.95,22.90,-5.42,5.52
2009,1,26,15,33.24,46.95,49.72,22.97,-5.48,5.59
2009,1,26,16,33.56,47.40,49.53,22.78,-5.10,5.84
2009,1,26,17,33.84,47.72,49.35,22.53,-4.34,6.09
2009,1,26,18,34.28,47.96,49.06,21.97,-3.77,6.49
2009,1,26,19,34.60,48.01,48.68,21.09,-3.46,6.91
2009,1,26,20,34.75,47.76,48.17,20.94,-3.16,7.19
2009,1,26,21,34.63,47.46,47.56,21.23,-2.60,7.14
2009,1,26,22,34.40,47.50,46.97,20.98,-1.71,6.85
2009,1,26,23,34.43,47.75,46.47,20.98,-1.02,6.74
2009,1,27,0,34.67,48.06,46.27,21.06,-0.59,6.89
2009,1,27,1,34.92,48.38,46.25,21.20,-0.48,7.13
2009,1,27,2,35.10,48.77,46.06,21.21,-0.49,7.09
2009,1,27,3,35.10,49.16,45.70,21.24,-0.17,6.97
2009,1,27,4,34.87,49.60,45.31,21.13,0.44,7.25
2009,1,27,5,34.61,49.76,44.95,20.90,1.27,7.60
2009,1,27,6,34.29,49.99,44.45,20.67,2.14,8.09
2009,1,27,7,33.94,50.24,44.05,20.54,2.91,8.47
2009,1,27,8,33.95,50.39,43.76,20.67,3.45,8.71
2009,1,27,9,33.53,50.65,43.61,20.88,4.15,8.73
2009,1,27,10,33.32,51.13,43.46,20.96,4.98,8.19
2009,1,27,11,33.14,51.59,43.15,20.77,5.63,7.48
2009,1,27,12,32.94,51.82,42.89,20.39,6.11,7.35
2009,1,27,13,32.75,51.95,42.63,20.26,6.71,7.59
2009,1,27,14,32.52,52.03,42.35,20.20,7.32,7.80
2009,1,27,15,32.03,52.10,42.18,20.50,7.75,7.76
2009,1,27,16,31.45,52.23,41.93,20.61,7.95,7.89
2009,1,27,17,31.07,52.36,41.60,20.33,8.22,7.93
2009,1,27,18,31.06,52.60,41.40,20.40,8.43,7.97
2009,1,27,19,31.25,52.94,41.37,20.48,8.68,8.13
2009,1,27,20,31.21,53.26,41.51,21.02,9.09,8.37
2009,1,27,21,30.67,53.34,41.84,21.31,9.78,8.48
2009,1,27,22,29.65,53.13,42.07,21.27,10.53,8.49
2009,1,27,23,29.18,53.10,41.97,21.27,11.19,8.48
2009,1,28,0,28.99,52.58,41.67,20.98,11.80,8.41
2009,1,28,1,29.17,52.81,41.38,20.70,12.31,8.24
2009,1,28,2,29.53,53.10,41.10,21.21,12.75,8.05
2009,1,28,3,29.67,53.57,40.92,21.73,13.30,7.86
2009,1,28,4,29.55,53.91,40.81,21.62,13.54,7.78
2009,1,28,5,29.35,54.07,40.64,21.85,13.83,7.63
2009,1,28,6,29.28,54.15,40.55,21.75,14.24,7.55
2009,1,28,7,29.24,54.16,40.51,22.04,14.38,7.55
2009,1,28,8,29.12,54.14,40.39,22.20,14.61,7.62
2009,1,28,9,28.79,54.28,40.23,22.26,15.34,7.87
2009,1,28,10,28.34,54.48,40.10,22.52,16.19,8.56
2009,1,28,11,28.13,54.67,40.06,22.73,17.06,9.82
2009,1,28,12,28.15,54.95,40.02,22.97,17.77,9.77
2009,1,28,13,28.26,55.31,40.00,22.89,18.16,8.83
2009,1,28,14,28.21,55.68,40.10,22.97,18.17,7.96
2009,1,28,15,27.97,56.01,40.29,23.80,17.99,7.39
2009,1,28,16,27.73,56.33,40.52,24.39,17.69,7.31
2009,1,28,17,27.52,56.77,40.73,24.33,17.44,7.41
2009,1,28,18,27.35,57.12,40.87,24.28,17.24,7.48
2009,1,28,19,27.33,57.24,41.01,24.39,17.14,7.64
2009,1,28,20,27.38,57.21,41.28,24.62,17.31,7.66
2009,1,28,21,27.38,57.39,41.63,24.94,17.61,7.55
2009,1,28,22,27.43,57.81,42.16,25.01,17.90,7.55
2009,1,28,23,27.51,57.79,42.36,25.14,18.13,7.67
2009,1,29,0,27.56,57.81,42.39,25.25,18.20,7.65
2009,1,29,1,27.57,57.82,43.12,26.06,18.14,7.49
2009,1,29,2,27.35,57.82,43.58,26.54,17.89,7.26
2009,1,29,3,27.01,57.83,43.89,26.82,17.63,7.13
2009,1,29,4,26.71,57.91,44.27,27.10,17.31,6.96
2009,1,29,5,26.43,58.14,44.64,27.09,17.09,6.75
2009,1,29,6,26.22,58.37,44.83,27.03,17.07,6.64
2009,1,29,7,25.94,58.47,44.91,26.87,17.33,6.66
2009,1,29,8,25.52,58.25,44.79,26.58,17.85,6.64
2009,1,29,9,25.02,57.76,44.70,26.41,18.40,6.71
2009,1,29,10,24.52,57.38,44.77,26.20,18.71,6.42
2009,1,29,11,23.97,57.19,44.96,26.11,18.64,6.12
2009,1,29,12,23.47,57.11,45.17,26.11,18.25,5.37
2009,1,29,13,23.00,57.10,45.49,25.85,17.92,4.58
2009,1,29,14,22.52,56.98,45.70,25.76,18.07,3.84
2009,1,29,15,21.91,56.57,45.57,25.63,18.39,2.91
2009,1,29,16,21.30,56.06,45.23,25.26,18.45,2.31
2009,1,29,17,20.64,55.77,44.53,25.26,18.35,1.78
2009,1,29,18,20.09,55.36,43.91,25.27,18.26,1.16
2009,1,29,19,19.71,54.84,43.41,25.35,18.47,0.59
2009,1,29,20,19.33,54.36,42.86,25.17,18.97,0.21
2009,1,29,21,18.93,53.87,42.37,24.69,19.65,-0.02
2009,1,29,22,18.55,53.59,41.84,24.13,19.95,-0.24
2009,1,29,23,18.17,53.08,41.06,24.30,19.85,-0.52
2009,1,30,0,17.96,52.09,40.39,25.76,19.58,-0.92
2009,1,30,1,17.62,51.11,40.36,26.30,19.43,-1.43
2009,1,30,2,17.26,50.45,39.49,26.28,19.52,-1.92
2009,1,30,3,17.00,50.00,38.63,26.00,19.75,-2.19
2009,1,30,4,16.81,49.83,37.81,25.71,19.88,-2.48
2009,1,30,5,16.57,49.73,37.07,25.69,19.97,-2.38
2009,1,30,6,16.40,49.69,36.47,25.59,20.06,-2.38
2009,1,30,7,16.40,49.62,35.90,25.47,20.45,-2.48
2009,1,30,8,16.52,49.62,35.32,25.05,20.95,-2.59
2009,1,30,9,16.68,49.66,34.73,24.64,21.25,-2.67
2009,1,30,10,16.65,49.65,34.37,24.39,21.27,-2.61
2009,1,30,11,16.38,49.63,34.03,24.26,21.00,-2.29
2009,1,30,12,16.16,49.51,33.51,24.14,20.66,-2.05
2009,1,30,13,15.95,49.29,32.81,23.88,20.70,-2.00
2009,1,30,14,15.79,48.91,32.07,23.43,21.13,-1.92
2009,1,30,15,15.74,48.45,31.40,22.91,21.49,-1.99
2009,1,30,16,15.67,48.21,30.85,22.60,21.47,-1.90
2009,1,30,17,15.59,48.04,30.51,22.56,21.03,-1.72
2009,1,30,18,15.52,47.95,30.29,22.71,20.74,-1.76
2009,1,30,19,15.47,47.85,30.16,22.80,20.81,-1.70
2009,1,30,20,15.54,47.80,29.79,22.82,21.01,-1.54
2009,1,30,21,15.93,47.63,29.16,21.86,20.82,-1.42
2009,1,30,22,16.24,47.19,28.43,21.20,20.38,-1.36
2009,1,30,23,16.10,46.52,27.85,20.37,19.99,-1.29
2009,1,31,0,15.74,45.63,27.33,19.69,19.72,-1.20
2009,1,31,1,15.34,44.99,26.97,18.99,19.81,-0.95
2009,1,31,2,15.23,44.51,26.73,18.82,19.99,-0.55
2009,1,31,3,15.61,44.23,26.44,18.65,19.91,-0.24
2009,1,31,4,16.17,43.96,26.23,18.62,19.79,-0.19
2009,1,31,5,16.53,43.94,26.16,18.78,19.39,-0.33
2009,1,31,6,16.76,43.57,26.25,18.91,19.03,-0.68
2009,1,31,7,16.87,43.26,26.24,18.92,18.78,-0.86
2009,1,31,8,16.99,43.06,26.12,18.32,18.59,-1.00
2009,1,31,9,17.38,42.89,25.85,17.73,18.49,-1.09
2009,1,31,10,17.68,42.54,25.51,17.47,18.31,-0.82
2009,1,31,11,17.64,41.88,25.28,17.66,18.06,-0.32
2009,1,31,12,17.49,41.10,25.10,18.01,17.98,-0.05
2009,1,31,13,17.31,40.60,24.99,17.98,17.85,0.15
2009,1,31,14,17.40,40.46,25.05,17.87,17.51,0.26
2009,1,31,15,17.93,40.47,25.04,17.00,17.05,0.22
2009,1,31,16,18.49,40.41,24.96,16.33,16.62,0.30
2009,1,31,17,18.82,40.18,24.84,16.41,16.06,0.54
2009,1,31,18,18.90,39.61,24.59,16.40,15.47,0.62
2009,1,31,19,18.71,39.20,24.30,15.89,15.04,0.73
2009,1,31,20,18.71,39.17,24.16,15.26,14.63,0.73
2009,1,31,21,19.20,39.36,23.91,14.78,14.13,0.62
2009,1,31,22,19.84,39.82,23.63,14.42,13.73,0.53
2009,1,31,23,20.17,39.82,23.37,14.15,13.32,0.51
2009,2,1,0,20.14,40.34,23.20,13.65,12.74,0.55
2009,2,1,1,19.63,40.43,23.12,13.26,12.13,0.80
2009,2,1,2,19.06,40.45,23.19,12.60,11.39,1.04
2009,2,1,3,18.93,40.28,23.41,11.99,10.74,1.12
2009,2,1,4,19.20,40.11,23.70,11.88,10.56,1.09
2009,2,1,5,19.21,40.02,23.87,11.36,10.23,1.14
2009,2,1,6,19.02,39.75,23.99,11.33,9.75,1.33
2009,2,1,7,18.79,39.45,24.06,10.72,9.42,1.61
2009,2,1,8,18.66,39.30,23.96,10.22,8.95,1.87
2009,2,1,9,18.75,39.20,23.80,9.87,8.21,2.06
2009,2,1,10,19.00,38.99,23.68,9.56,7.45,1.97
2009,2,1,11,19.07,38.66,23.48,9.21,6.75,1.81
2009,2,1,12,18.80,38.14,23.25,8.62,6.35,1.74
2009,2,1,13,18.37,37.48,22.97,8.41,6.24,1.83
2009,2,1,14,18.20,36.88,22.58,8.31,6.16,1.99
2009,2,1,15,18.16,36.32,22.12,7.57,6.06,2.09
2009,2,1,16,18.23,35.63,21.76,6.83,5.95,2.01
2009,2,1,17,18.30,34.95,21.18,6.83,5.95,1.89
2009,2,1,18,18.42,34.14,20.54,6.30,6.24,2.01
2009,2,1,19,18.57,33.46,19.81,6.01,6.61,2.17
2009,2,1,20,18.63,33.17,19.09,5.68,6.86,2.28
2009,2,1,21,18.65,32.52,18.58,4.94,6.90,2.13
2009,2,1,22,18.63,31.85,17.95,4.96,6.85,1.80
2009,2,1,23,18.67,31.83,18.20,4.79,6.74,1.42
2009,2,2,0,18.55,31.56,18.20,4.39,6.65,1.28
2009,2,2,1,18.30,31.20,17.21,3.35,6.56,1.42
2009,2,2,2,18.11,30.88,16.28,2.71,6.56,1.61
2009,2,2,3,18.24,30.68,15.75,2.14,6.60,1.67
2009,2,2,4,18.55,30.59,15.27,1.52,6.71,1.95
2009,2,2,5,18.84,30.41,14.76,1.04,6.86,2.18
2009,2,2,6,19.05,30.25,14.41,0.63,6.96,2.22
2009,2,2,7,19.12,30.10,14.13,0.11,6.80,2.28
2009,2,2,8,19.13,30.02,13.98,-0.25,6.38,2.51
2009,2,2,9,19.19,30.05,13.64,-0.63,5.88,2.78
2009,2,2,10,19.47,29.97,13.04,-1.04,5.46,3.04
2009,2,2,11,19.75,29.80,12.38,-1.60,5.37,3.38
2009,2,2,12,19.78,29.68,11.70,-2.24,5.49,3.93
2009,2,2,13,19.65,29.52,10.94,-2.69,5.54,4.63
2009,2,2,14,19.40,29.38,10.19,-2.77,5.32,5.40
2009,2,2,15,19.26,29.43,9.80,-3.24,4.87,6.10
2009,2,2,16,19.49,29.70,9.78,-3.57,4.48,6.60
2009,2,2,17,19.83,30.19,10.19,-3.83,4.20,7.31
2009,2,2,18,20.17,30.86,10.74,-3.97,3.81,8.10
2009,2,2,19,20.35,31.50,11.26,-3.68,3.42,8.70
2009,2,2,20,20.57,31.94,11.71,-4.04,3.11,9.08
2009,2,2,21,20.98,32.21,11.83,-4.30,2.72,9.42
2009,2,2,22,21.30,32.20,11.75,-4.41,2.62,9.77
2009,2,2,23,21.26,32.20,11.59,-4.75,nan,9.97
2009,2,3,0,21.06,32.26,11.56,-4.75,nan,10.06
2009,2,3,1,20.79,32.16,11.28,-5.30,nan,10.24
2009,2,3,2,20.55,31.84,11.41,-5.80,nan,10.37
2009,2,3,3,20.52,31.50,11.53,-6.16,nan,10.57
2009,2,3,4,20.70,31.25,12.00,-6.16,nan,10.73
2009,2,3,5,20.83,31.15,12.51,-6.16,nan,10.51
2009,2,3,6,20.92,30.96,12.97,-6.20,nan,10.44
2009,2,3,7,20.84,30.65,13.36,-6.35,nan,10.59
2009,2,3,8,20.56,30.25,13.50,-6.55,nan,10.84
2009,2,3,9,20.28,29.77,13.45,-6.83,nan,11.13
2009,2,3,10,20.23,29.16,13.12,-7.05,nan,11.42
2009,2,3,11,20.14,28.63,12.80,-7.28,nan,11.54
2009,2,3,12,19.86,28.22,12.74,-7.37,nan,11.57
2009,2,3,13,19.64,28.00,12.84,-7.45,nan,11.60
2009,2,3,14,19.40,27.86,13.16,-7.73,nan,11.54
2009,2,3,15,19.13,27.71,13.43,-7.83,nan,11.31
2009,2,3,16,19.04,27.32,13.53,-8.06,nan,11.03
2009,2,3,17,18.86,27.11,13.46,-8.43,nan,10.60
2009,2,3,18,18.56,26.88,13.47,-8.43,nan,10.38
2009,2,3,19,18.37,26.76,13.39,-8.43,nan,10.03
2009,2,3,20,18.20,26.58,13.41,-8.53,nan,9.68
2009,2,3,21,18.01,26.46,13.34,-8.73,nan,9.64
2009,2,3,22,18.01,26.22,13.19,-8.90,nan,9.53
2009,2,3,23,18.27,25.87,13.20,-9.13,nan,9.22
2009,2,4,0,18.41,25.64,12.86,-9.07,nan,8.88
2009,2,4,1,18.42,25.19,12.37,-9.15,nan,8.55
2009,2,4,2,18.20,24.52,11.86,-9.26,nan,8.20
2009,2,4,3,17.87,23.94,11.47,-9.37,nan,7.99
2009,2,4,4,17.58,23.69,11.18,-9.55,nan,7.77
2009,2,4,5,17.65,23.37,11.00,-10.12,nan,7.50
2009,2,4,6,17.69,23.38,10.81,-10.40,nan,7.39
2009,2,4,7,17.86,23.28,10.68,-11.03,nan,7.24
2009,2,4,8,18.05,22.95,10.75,-11.09,nan,7.04
2009,2,4,9,18.05,22.65,10.81,-10.88,nan,6.92
2009,2,4,10,18.12,22.31,10.92,-10.74,nan,6.75
2009,2,4,11,18.31,22.11,10.96,-10.89,nan,6.52
2009,2,4,12,18.55,22.02,10.81,-11.43,nan,6.39
2009,2,4,13,18.86,21.71,10.52,-12.14,nan,6.30
2009,2,4,14,19.06,21.10,10.30,-12.50,nan,6.17
2009,2,4,15,18.95,20.42,10.12,-12.45,nan,6.00
2009,2,4,16,18.78,19.75,10.16,-12.23,nan,5.60
2009,2,4,17,18.83,19.51,10.30,-12.15,nan,5.08
2009,2,4,18,18.86,19.43,10.49,-12.15,nan,4.78
2009,2,4,19,19.04,19.28,10.68,-13.01,nan,4.46
2009,2,4,20,19.20,18.73,10.83,-13.28,nan,4.24
2009,2,4,21,19.15,18.05,11.07,-13.28,nan,4.15
2009,2,4,22,19.16,17.35,11.28,-13.28,nan,4.08
2009,2,4,23,19.46,17.43,11.19,-12.19,nan,4.07
2009,2,5,0,19.73,17.22,10.89,-12.09,nan,4.19
2009,2,5,1,19.99,16.84,10.67,-11.73,nan,4.22
2009,2,5,2,20.16,16.22,10.55,-11.60,nan,4.11
2009,2,5,3,20.13,15.78,10.31,-11.48,nan,4.09
2009,2,5,4,20.05,15.58,10.07,-11.44,nan,4.04
2009,2,5,5,20.28,15.54,10.05,-11.25,nan,4.00
2009,2,5,6,20.66,15.58,9.99,-11.57,nan,4.01
2009,2,5,7,21.02,15.51,9.93,-11.54,nan,4.06
2009,2,5,8,21.19,15.43,10.05,-11.46,nan,4.02
2009,2,5,9,21.05,15.23,10.39,-11.35,nan,4.09
2009,2,5,10,20.78,15.06,10.54,-11.25,nan,4.36
2009,2,5,11,20.74,14.87,10.55,-11.12,nan,4.64
2009,2,5,12,21.04,14.76,10.38,-10.85,nan,4.85
2009,2,5,13,21.50,14.69,10.22,-10.56,nan,5.03
2009,2,5,14,21.56,14.64,10.18,-10.42,nan,5.04
2009,2,5,15,21.38,14.55,10.21,-10.46,nan,5.07
2009,2,5,16,21.12,14.55,10.08,-10.43,nan,5.21
2009,2,5,17,20.89,14.54,10.05,-10.11,nan,5.28
2009,2,5,18,20.70,14.54,9.99,-9.99,nan,4.95
2009,2,5,19,20.43,14.53,9.97,-10.21,nan,4.53
2009,2,5,20,19.98,14.39,10.01,-10.13,nan,4.19
2009,2,5,21,19.68,14.39,10.09,-9.65,nan,4.11
2009,2,5,22,19.42,14.25,10.31,-9.83,nan,4.30
2009,2,5,23,19.05,14.16,10.45,-9.28,nan,4.58
2009,2,6,0,18.79,14.11,10.82,-8.60,nan,4.75
2009,2,6,1,18.69,14.04,11.07,-8.27,nan,4.75
2009,2,6,2,18.48,13.99,11.18,-8.23,nan,4.67
2009,2,6,3,18.00,13.89,11.20,-8.06,nan,4.83
2009,2,6,4,17.65,13.78,11.22,-7.95,nan,4.88
2009,2,6,5,17.38,13.69,11.37,-7.33,nan,4.93
2009,2,6,6,17.06,13.58,11.55,-6.67,nan,4.99
2009,2,6,7,16.83,13.45,11.65,-6.13,nan,4.87
2009,2,6,8,16.61,13.23,11.72,-5.71,nan,4.62
2009,2,6,9,16.28,13.02,11.83,-5.37,nan,4.45
2009,2,6,10,16.02,12.94,12.06,-5.08,nan,4.54
2009,2,6,11,15.85,12.84,12.49,-4.47,nan,4.64
2009,2,6,12,15.79,12.50,13.06,-3.56,nan,4.56
2009,2,6,13,15.69,12.31,13.56,-2.77,nan,4.35
2009,2,6,14,15.56,12.31,14.02,-2.66,nan,4.20
2009,2,6,15,15.46,12.22,14.24,-2.36,nan,4.25
2009,2,6,16,15.35,12.05,14.22,-2.17,nan,4.45
2009,2,6,17,15.35,11.77,14.19,-1.98,nan,4.48
2009,2,6,18,15.34,11.38,14.23,-1.96,nan,4.31
2009,2,6,19,15.18,11.15,14.16,-2.34,nan,4.14
2009,2,6,20,14.92,10.95,14.15,-2.48,nan,4.08
2009,2,6,21,14.48,10.74,14.26,-2.69,nan,3.92
2009,2,6,22,14.05,10.75,14.41,-2.89,nan,3.71
2009,2,6,23,13.96,10.43,14.86,-2.05,nan,3.76
2009,2,7,0,13.84,10.27,15.44,-1.61,-10.64,3.99
2009,2,7,1,13.78,10.42,15.95,-0.87,-10.81,4.21
2009,2,7,2,13.93,10.70,16.39,-0.22,-10.62,4.48
2009,2,7,3,14.14,10.93,16.80,0.28,-10.37,4.80
2009,2,7,4,14.16,11.08,16.89,0.28,-10.37,5.07
2009,2,7,5,14.18,11.20,16.86,0.51,-10.35,5.23
2009,2,7,6,14.11,11.20,16.80,0.74,-10.24,5.06
2009,2,7,7,14.00,11.21,16.82,0.74,-10.08,4.75
2009,2,7,8,13.93,11.30,17.06,0.93,-9.95,4.52
2009,2,7,9,13.87,11.44,17.57,1.41,-9.95,4.45
2009,2,7,10,13.72,11.80,18.11,1.77,-10.27,4.53
2009,2,7,11,13.81,12.09,18.58,2.23,-10.55,4.60
2009,2,7,12,14.11,12.16,18.87,2.43,-10.57,4.73
2009,2,7,13,14.40,12.17,18.77,2.52,-10.53,4.96
2009,2,7,14,14.63,12.11,18.50,3.04,-10.38,5.29
2009,2,7,15,14.81,11.96,18.26,3.32,-10.43,5.84
2009,2,7,16,14.83,11.88,18.03,3.53,-10.61,6.46
2009,2,7,17,14.99,11.61,17.84,3.75,-10.57,6.95
2009,2,7,18,15.31,11.32,17.68,3.77,-10.43,7.14
2009,2,7,19,15.53,10.97,17.51,3.76,-10.37,7.36
2009,2,7,20,15.78,10.65,17.38,4.26,-10.40,7.41
2009,2,7,21,15.94,10.36,17.52,4.85,-10.50,7.35
2009,2,7,22,15.97,10.28,17.73,4.95,-10.86,7.59
2009,2,7,23,16.00,10.22,17.49,4.98,-11.19,7.97
2009,2,8,0,16.23,10.23,17.85,5.01,-11.32,8.27
2009,2,8,1,16.56,10.29,17.90,5.00,-11.36,8.42
2009,2,8,2,16.99,10.42,18.05,5.26,-11.31,8.69
2009,2,8,3,17.28,10.36,18.25,5.50,-11.12,8.91
2009,2,8,4,17.38,10.17,18.23,5.37,-10.87,9.02
2009,2,8,5,17.37,9.94,18.12,5.56,-10.60,9.08
2009,2,8,6,17.60,9.65,17.91,5.97,-10.40,9.10
2009,2,8,7,17.77,9.35,17.59,6.31,-10.28,9.15
2009,2,8,8,17.76,9.20,17.25,6.64,-10.32,9.33
2009,2,8,9,17.77,8.94,17.11,6.84,-10.32,9.47
2009,2,8,10,17.62,8.81,17.06,6.83,-10.33,9.41
2009,2,8,11,17.52,8.69,17.10,6.70,-10.26,9.20
2009,2,8,12,17.61,8.50,17.06,6.79,-10.22,8.98
2009,2,8,13,17.64,8.46,16.86,7.04,-10.30,8.74
2009,2,8,14,17.65,8.67,16.57,7.15,-10.50,8.98
2009,2,8,15,17.74,8.91,16.31,7.13,-10.69,9.09
2009,2,8,16,17.80,9.15,15.84,7.11,-10.74,9.01
2009,2,8,17,17.79,9.26,15.46,7.09,-10.47,8.78
2009,2,8,18,17.77,9.09,14.96,6.66,-10.16,8.58
2009,2,8,19,17.70,8.72,14.38,6.52,-10.21,8.49
2009,2,8,20,17.73,8.38,13.88,6.54,-10.12,8.41
2009,2,8,21,17.75,8.23,13.41,6.42,-9.99,8.34
2009,2,8,22,17.69,8.26,13.07,6.42,-9.88,8.29
2009,2,8,23,17.52,8.20,13.14,5.95,-9.78,8.25
2009,2,9,0,17.59,8.14,13.18,5.95,-9.79,8.23
2009,2,9,1,17.84,8.21,13.14,5.92,-10.01,8.31
2009,2,9,2,18.03,8.28,13.05,5.92,-10.12,8.44
2009,2,9,3,18.10,7.97,13.04,5.75,-10.06,8.52
2009,2,9,4,17.98,7.34,12.85,5.39,-9.60,8.54
2009,2,9,5,17.68,6.74,12.42,5.12,-9.17,8.50
2009,2,9,6,17.44,6.28,12.07,5.12,-8.83,8.48
2009,2,9,7,17.16,6.11,11.83,4.97,-8.70,8.29
2009,2,9,8,17.07,5.98,11.49,4.71,-8.75,8.10
2009,2,9,9,17.37,5.86,11.01,4.31,-8.76,8.00
2009,2,9,10,17.76,5.59,10.64,3.89,-8.66,8.04
2009,2,9,11,17.76,5.32,10.32,3.70,-8.54,7.97
2009,2,9,12,17.59,5.14,10.21,3.69,-8.38,7.94
2009,2,9,13,17.22,5.10,10.20,3.63,-8.35,8.12
2009,2,9,14,17.11,5.00,10.00,3.32,-8.42,8.39
2009,2,9,15,17.35,4.83,9.73,3.24,-8.35,8.41
2009,2,9,16,17.61,4.54,9.42,2.77,-8.01,8.21
2009,2,9,17,17.58,4.39,9.02,2.37,-7.85,7.82
2009,2,9,18,17.45,4.44,8.79,2.17,-8.07,7.81
2009,2,9,19,17.26,4.56,8.60,2.22,-8.31,8.09
2009,2,9,20,17.25,4.61,8.14,2.20,-8.50,8.41
2009,2,9,21,17.36,4.43,7.55,1.58,-8.53,8.68
2009,2,9,22,17.46,4.04,7.17,1.58,-8.36,8.81
2009,2,9,23,17.19,3.75,6.72,1.26,-8.24,8.78
2009,2,10,0,16.93,3.57,6.50,1.32,-8.32,8.92
2009,2,10,1,16.73,3.66,6.42,1.07,-8.54,9.30
2009,2,10,2,16.70,3.87,6.32,0.69,-8.75,9.55
2009,2,10,3,17.00,3.96,6.21,0.21,-8.67,9.50
2009,2,10,4,17.31,3.86,6.04,-0.24,-8.26,9.30
2009,2,10,5,17.31,3.67,5.74,-0.64,-7.90,9.32
2009,2,10,6,17.29,3.40,5.36,-0.85,-7.87,9.48
2009,2,10,7,17.18,3.13,4.94,-0.80,-7.84,9.81
2009,2,10,8,16.96,3.10,4.59,-0.68,-7.83,10.04
2009,2,10,9,17.18,3.10,4.26,-0.71,-7.89,10.27
2009,2,10,10,17.36,3.07,3.87,-0.85,-7.76,10.40
2009,2,10,11,17.37,3.09,3.21,-1.22,-7.22,10.32
2009,2,10,12,17.42,3.16,2.48,-1.61,-6.76,10.19
2009,2,10,13,17.41,3.10,1.96,-1.66,-6.42,10.19
2009,2,10,14,17.34,2.95,1.57,-1.70,-6.08,9.92
2009,2,10,15,17.28,2.86,1.28,-1.77,-5.77,9.52
2009,2,10,16,17.21,2.64,0.94,-1.86,-5.41,9.05
2009,2,10,17,17.22,2.33,0.51,-1.96,-5.20,8.63
2009,2,10,18,17.18,2.02,0.01,-1.99,-5.35,8.36
2009,2,10,19,17.16,1.64,-0.29,-1.57,-5.55,8.22
2009,2,10,20,17.23,1.55,-0.67,-1.36,-5.79,8.05
2009,2,10,21,17.37,1.76,-1.12,-1.53,-6.06,8.15
2009,2,10,22,17.63,2.00,-1.37,-1.20,-6.12,8.31
2009,2,10,23,17.87,2.27,-2.16,-1.91,-5.97,8.33
2009,2,11,0,18.14,2.35,-3.01,-3.08,-5.75,8.24
2009,2,11,1,18.30,2.08,-3.74,-3.62,-5.51,8.14
2009,2,11,2,18.21,1.72,-4.29,-4.13,-5.51,7.99
2009,2,11,3,17.95,1.59,-4.74,-4.63,-5.57,7.78
2009,2,11,4,17.89,1.40,-5.05,-4.60,-5.33,7.42
2009,2,11,5,18.13,1.02,-5.38,-4.82,-5.06,7.22
2009,2,11,6,18.27,0.75,-5.69,-5.22,-4.96,7.10
2009,2,11,7,18.47,0.55,-5.99,-5.18,-4.87,7.04
2009,2,11,8,18.60,0.52,-6.29,-5.15,-4.86,6.96
2009,2,11,9,18.68,0.69,-6.44,-5.31,-4.83,6.82
2009,2,11,10,18.66,0.57,-6.64,-5.57,-4.46,6.50
2009,2,11,11,18.50,0.36,-7.10,-6.01,-3.84,6.22
2009,2,11,12,18.21,0.21,-7.50,-6.44,-3.37,5.89
2009,2,11,13,17.87,0.01,-7.54,-6.64,-3.01,5.49
2009,2,11,14,17.69,0.03,-7.45,-7.08,-2.88,5.07
2009,2,11,15,17.47,0.15,-7.26,-7.53,-2.87,4.45
2009,2,11,16,17.21,0.24,-6.97,-7.62,-2.73,3.67
2009,2,11,17,17.00,0.14,-6.71,-7.85,-2.58,2.97
2009,2,11,18,16.72,0.04,-6.66,-8.29,-2.54,2.50
2009,2,11,19,16.45,-0.12,-6.73,-8.29,-2.55,2.12
2009,2,11,20,16.11,-0.24,-6.98,-9.26,-2.46,1.91
2009,2,11,21,15.67,-0.02,-7.17,-10.09,-2.41,1.87
2009,2,11,22,15.52,0.17,-7.39,-10.64,-2.25,1.76
2009,2,11,23,15.08,0.30,-7.19,-11.60,-1.88,1.43
2009,2,12,0,14.70,0.40,-7.25,-12.08,-1.57,0.90
2009,2,12,1,14.35,0.19,-7.27,-12.07,-1.44,0.47
2009,2,12,2,13.82,-0.04,-7.32,-12.69,-1.45,0.27
2009,2,12,3,13.08,0.00,-7.21,-13.17,-1.64,0.26
2009,2,12,4,12.48,0.02,-6.92,-13.26,-1.84,0.27
2009,2,12,5,11.94,-0.01,-6.71,-13.36,-1.90,0.23
2009,2,12,6,11.34,-0.02,-6.47,-13.62,-1.93,0.24
2009,2,12,7,10.89,0.07,-6.48,-14.02,-2.12,0.23
2009,2,12,8,10.57,0.08,-6.68,-14.49,-2.32,0.25
2009,2,12,9,10.03,0.17,-6.84,-14.93,-2.52,0.48
2009,2,12,10,9.41,0.17,-6.97,-15.08,-2.39,0.68
2009,2,12,11,8.73,0.10,-7.11,-15.09,-2.14,0.70
2009,2,12,12,7.98,0.17,-7.11,-15.21,-1.85,0.63
2009,2,12,13,7.51,0.15,-6.98,-15.51,-1.69,0.69
2009,2,12,14,7.06,-0.08,-7.02,-15.91,-1.76,0.81
2009,2,12,15,6.32,-0.36,-7.12,-16.20,-1.96,1.06
2009,2,12,16,5.61,-0.86,-7.12,-16.15,-2.18,1.18
2009,2,12,17,4.97,-1.14,-7.13,-16.14,-2.35,1.22
2009,2,12,18,4.52,-0.99,-7.04,-16.02,-2.57,1.12
2009,2,12,19,4.31,-0.64,-6.84,-15.94,-2.77,1.11
2009,2,12,20,4.07,-0.46,-6.80,-15.89,-2.98,1.26
2009,2,12,21,3.73,-0.51,-6.81,-16.20,-3.23,1.50
2009,2,12,22,3.31,-0.62,-6.63,-15.46,-3.48,1.51
2009,2,12,23,2.82,-0.79,-6.38,-14.90,-3.69,1.28
2009,2,13,0,2.35,-0.89,-6.26,-15.00,-3.75,0.89
2009,2,13,1,1.91,-1.02,-6.35,-15.35,-3.95,0.50
2009,2,13,2,1.60,-1.02,-6.68,-15.49,-4.26,0.26
2009,2,13,3,1.43,-1.34,-7.27,-15.58,-4.64,-0.03
2009,2,13,4,1.24,-1.13,-7.73,-15.69,-5.02,-0.33
2009,2,13,5,1.11,-1.27,-7.71,-15.74,-5.10,-0.63
2009,2,13,6,0.95,-1.37,-7.54,-15.64,-5.11,-1.17
2009,2,13,7,0.92,-1.60,-7.45,-15.67,-5.20,-1.65
2009,2,13,8,0.84,-1.98,-7.40,-15.82,-5.28,-2.02
2009,2,13,9,0.66,-2.49,-7.42,-15.87,-5.24,-2.41
2009,2,13,10,0.46,-3.08,-7.40,-15.86,-5.23,-2.93
2009,2,13,11,0.38,-3.75,-7.41,-16.06,-5.26,-3.55
2009,2,13,12,0.23,-4.30,-7.66,-16.59,-5.21,-4.27
2009,2,13,13,0.05,-4.96,-7.89,-16.97,-5.13,-5.01
2009,2,13,14,-0.22,-5.66,-7.92,-17.17,-5.06,-5.51
2009,2,13,15,-0.73,-6.23,-7.85,-17.17,-5.01,-5.73
2009,2,13,16,-1.15,-6.75,-7.76,-17.12,-4.97,-5.95
2009,2,13,17,-1.37,-7.35,-7.71,-17.19,-4.77,-6.26
2009,2,13,18,-1.66,-7.90,-7.69,-17.26,-4.49,-6.64
2009,2,13,19,-1.82,-8.45,-7.35,-17.24,-4.47,-7.12
2009,2,13,20,-1.75,-9.00,-6.41,-17.30,-4.58,-7.61
2009,2,13,21,-1.77,-9.25,-5.50,-17.37,-4.77,-8.09
2009,2,13,22,-1.78,-9.33,-5.15,-17.60,-4.87,-8.68
2009,2,13,23,-1.55,-9.74,-5.05,-17.81,-4.89,-9.26
2009,2,14,0,-1.48,-10.31,-5.09,-18.05,-4.83,-9.86
2009,2,14,1,-1.55,-10.49,-5.05,-18.09,-4.78,-10.53
2009,2,14,2,-1.72,-11.58,-4.83,-18.22,-4.93,-11.04
2009,2,14,3,-1.96,-12.19,-4.60,-18.45,-5.42,-11.43
2009,2,14,4,-2.19,-12.53,-4.30,-18.53,-5.89,-11.83
2009,2,14,5,-2.26,-12.78,-4.13,-18.66,-6.30,-12.46
2009,2,14,6,-2.20,-12.84,-4.02,-18.78,-6.65,-13.07
2009,2,14,7,-2.08,-12.89,-3.80,-19.06,-7.10,-13.71
2009,2,14,8,-1.76,-12.88,-3.66,-19.44,-7.54,-14.25
2009,2,14,9,-1.57,-12.94,-3.47,-19.72,-7.76,-14.92
2009,2,14,10,-1.65,-13.17,-3.22,-19.93,-7.85,-15.73
2009,2,14,11,-1.78,-13.50,-2.99,-20.14,-8.10,-16.41
2009,2,14,12,-1.92,-13.79,-2.88,-20.25,-8.37,-16.84
2009,2,14,13,-1.96,-14.02,-2.73,-20.58,-8.59,-17.28
2009,2,14,14,-1.96,-14.22,-2.61,-20.65,-8.84,-17.56
2009,2,14,15,-1.99,-14.40,-2.53,-20.72,-9.05,-17.93
2009,2,14,16,-2.09,-14.63,-2.41,-21.05,-9.25,-18.38
2009,2,14,17,-2.33,-14.86,-2.31,-21.46,-9.49,-18.76
2009,2,14,18,-2.58,-15.06,-2.10,-21.67,-9.63,-18.99
2009,2,14,19,-2.80,-15.18,-1.90,-22.03,-9.75,-19.15
2009,2,14,20,-2.95,-15.33,-1.58,-22.37,-9.64,-19.31
2009,2,14,21,-3.08,-15.60,-1.20,-22.62,-9.54,-19.70
2009,2,14,22,-3.22,-16.00,-1.22,-22.62,-9.40,-20.26
2009,2,14,23,-3.48,-16.35,-0.99,-23.14,-9.39,-20.80
2009,2,15,0,-3.85,-16.75,-0.77,-23.55,-9.36,-21.12
2009,2,15,1,-4.15,-17.02,-0.56,-24.14,-9.56,-21.19
2009,2,15,2,-4.40,-17.19,-0.42,-24.47,-9.86,-21.15
2009,2,15,3,-4.56,-17.55,-0.32,-24.63,-10.05,-21.27
2009,2,15,4,-4.70,-17.75,-0.25,-24.81,-10.16,-21.53
2009,2,15,5,-5.09,-17.76,-0.11,-24.98,-10.32,-21.83
2009,2,15,6,-5.38,-17.75,-0.03,-24.75,-10.54,-21.94
2009,2,15,7,-5.70,-17.68,0.10,-24.64,-10.96,-21.87
2009,2,15,8,-5.92,-17.70,0.35,-24.59,-11.32,-21.80
2009,2,15,9,-5.98,-17.95,0.32,-24.68,-11.43,-21.93
2009,2,15,10,-5.90,-18.13,0.26,-24.84,-11.57,-22.12
2009,2,15,11,-5.97,-18.34,0.41,-24.89,-11.91,-22.28
2009,2,15,12,-6.18,-18.51,0.45,-24.77,-12.20,-22.42
2009,2,15,13,-6.52,-18.64,0.37,-24.75,-12.36,-22.50
2009,2,15,14,-6.75,-19.02,0.30,-24.81,-12.52,-22.65
2009,2,15,15,-6.84,-19.42,0.11,-24.92,-12.54,-22.85
2009,2,15,16,-6.80,-19.68,-0.22,-25.14,-12.73,-23.01
2009,2,15,17,-6.87,-19.56,-0.49,-25.31,-13.02,-22.98
2009,2,15,18,-6.93,-19.47,-0.61,-25.19,-13.30,-22.89
2009,2,15,19,-7.15,-19.41,-0.69,-25.21,-13.47,-22.76
2009,2,15,20,-7.26,-19.42,-0.50,-25.06,-13.60,-22.70
2009,2,15,21,-7.13,-19.71,-0.41,-25.06,-13.68,-22.80
2009,2,15,22,-7.07,-20.01,-0.56,-24.97,-13.83,-23.02
2009,2,15,23,-6.82,-20.17,-0.75,-24.98,-14.20,-23.27
2009,2,16,0,-6.70,-19.93,-0.94,-24.98,-14.57,-23.45
2009,2,16,1,-6.68,-19.85,-1.09,-25.03,-14.76,-23.60
2009,2,16,2,-6.62,-19.71,-1.21,-25.05,-14.81,-23.84
2009,2,16,3,-6.36,-19.93,-1.43,-24.92,-14.67,-24.18
2009,2,16,4,-5.93,-19.89,-1.58,-24.80,-14.47,-24.49
2009,2,16,5,-5.60,-19.78,-1.78,-24.74,-14.50,-24.70
2009,2,16,6,-5.24,-19.70,-1.91,-24.67,-14.62,-24.93
2009,2,16,7,-5.00,-19.74,-1.74,-24.34,-14.70,-25.12
2009,2,16,8,-4.90,-19.66,-1.55,-24.23,-14.92,-25.33
2009,2,16,9,-4.57,-19.58,-1.45,-24.26,-14.98,-25.65
2009,2,16,10,-3.98,-19.43,-1.49,-24.30,-15.11,-25.90
2009,2,16,11,-3.41,-19.24,-1.65,-24.23,-15.26,-25.91
2009,2,16,12,-3.01,-19.16,-1.86,-24.10,-15.51,-25.77
2009,2,16,13,-2.82,-19.17,-2.00,-23.93,-15.55,-25.78
2009,2,16,14,-2.69,-19.22,-2.08,-23.82,-15.43,-26.07
2009,2,16,15,-2.41,-19.33,-2.11,-23.68,-15.32,-26.38
2009,2,16,16,-2.17,-19.20,-2.07,-23.83,-15.19,-26.37
2009,2,16,17,-2.05,-19.28,-1.97,-23.64,-15.03,-26.25
2009,2,16,18,-2.13,-19.32,-1.95,-23.60,-14.98,-26.08
2009,2,16,19,-2.31,-19.47,-2.10,-23.55,-15.01,-26.03
2009,2,16,20,-2.50,-19.61,-2.38,-23.63,-15.09,-26.21
2009,2,16,21,-2.58,-19.77,-2.61,-23.50,-15.17,-26.37
2009,2,16,22,-2.52,-19.92,-2.79,-24.06,-15.20,-26.33
2009,2,16,23,-2.57,-19.85,-3.05,-24.43,-15.08,-26.26
2009,2,17,0,-2.75,-19.85,-3.14,-24.58,-15.01,-26.23
2009,2,17,1,-3.02,-19.85,-3.22,-24.55,-14.89,-26.27
2009,2,17,2,-3.27,-19.85,-3.18,-24.46,-14.76,-26.45
2009,2,17,3,-3.50,-19.14,-2.94,-24.46,-14.86,-26.47
2009,2,17,4,-3.71,-18.83,-2.58,-24.14,-15.02,-26.35
2009,2,17,5,-3.86,-18.36,-2.29,-23.91,-15.15,-26.36
2009,2,17,6,-4.04,-18.00,-2.06,-23.91,-15.22,-26.48
2009,2,17,7,-4.20,-17.65,-2.06,-24.07,-15.37,-26.75
2009,2,17,8,-4.26,-17.32,-2.06,-23.92,-15.62,-27.06
2009,2,17,9,-4.31,-17.06,-1.86,-23.64,-16.07,-27.34
2009,2,17,10,-4.51,-16.59,-1.56,-23.53,-16.36,-27.51
2009,2,17,11,-4.72,-15.88,-1.26,-23.58,-16.49,-27.57
2009,2,17,12,-4.83,-15.29,-0.83,-23.53,-16.64,-27.60
2009,2,17,13,-4.85,-14.84,-0.45,-23.40,-16.81,-27.84
2009,2,17,14,-4.76,-14.59,-0.22,-23.21,-16.98,-28.37
2009,2,17,15,-4.60,-14.37,-0.23,-23.12,-17.30,-28.78
2009,2,17,16,-4.55,-14.07,-0.22,-23.03,-17.73,-29.03
2009,2,17,17,-4.56,-13.80,0.03,-22.96,-18.04,-29.14
2009,2,17,18,-4.33,-13.50,0.17,-23.13,-18.27,-29.44
2009,2,17,19,-4.21,-13.13,0.01,-23.34,-18.25,-30.06
2009,2,17,20,-4.24,-12.82,-0.45,-23.41,-18.18,-30.72
2009,2,17,21,-4.38,-12.85,-0.97,-23.21,-18.27,-31.03
2009,2,17,22,-4.62,-12.81,-1.42,-23.20,-18.29,-30.96
2009,2,17,23,-4.78,-12.61,-1.62,-23.20,-18.24,-30.74
2009,2,18,0,-4.71,-12.32,-1.67,-23.23,-18.01,-30.84
2009,2,18,1,-4.56,-12.68,-1.76,-23.23,-18.02,-31.32
2009,2,18,2,-4.44,-12.62,-1.93,-23.24,-17.85,-31.73
2009,2,18,3,-4.32,-12.76,-2.16,-23.00,-17.57,-31.97
2009,2,18,4,-4.27,-12.92,-2.58,-22.78,-17.44,-32.08
2009,2,18,5,-4.15,-12.94,-2.98,-22.79,-17.38,-32.13
2009,2,18,6,-4.02,-13.10,-3.29,-22.83,-17.26,-32.38
2009,2,18,7,-3.98,-13.29,-3.57,-22.62,-17.12,-32.76
2009,2,18,8,-4.03,-13.55,-3.81,-22.44,-16.94,-33.04
2009,2,18,9,-3.96,-13.74,-4.18,-22.38,-16.98,-33.13
2009,2,18,10,-3.63,-13.74,-4.72,-22.48,-17.05,-33.03
2009,2,18,11,-3.20,-13.61,-5.35,-22.54,-17.15,-32.86
2009,2,18,12,-2.91,-13.55,-5.87,-22.47,-17.21,-32.86
2009,2,18,13,-2.78,-13.65,-6.39,-22.31,-17.23,-32.82
2009,2,18,14,-2.60,-13.86,-6.93,-22.34,-17.30,-33.14
2009,2,18,15,-2.44,-14.05,-7.42,-22.36,-17.41,-33.22
2009,2,18,16,-2.31,-14.05,-8.09,-22.29,-17.54,-33.19
2009,2,18,17,-2.21,-13.99,-8.84,-22.15,-17.66,-33.17
2009,2,18,18,-2.05,-13.85,-9.08,-22.07,-17.67,-33.20
2009,2,18,19,-1.86,-13.82,-9.23,-22.04,-17.54,-33.47
2009,2,18,20,-1.71,-13.88,-9.38,-21.96,-17.54,-33.72
2009,2,18,21,-1.58,-13.89,-10.05,-21.82,-17.55,-33.69
2009,2,18,22,-1.53,-13.83,-10.82,-21.93,-17.70,-33.50
2009,2,18,23,-1.37,-13.80,-11.02,-21.56,-17.83,-33.48
2009,2,19,0,-1.06,-13.81,-11.80,-21.05,-17.96,-33.62
2009,2,19,1,-0.79,-13.98,-12.45,-20.62,nan,-33.91
2009,2,19,2,-0.57,-14.21,-12.86,-20.42,nan,-34.14
2009,2,19,3,-0.38,-14.35,-13.15,-20.44,nan,-34.12
2009,2,19,4,-0.16,-14.39,-13.44,-20.49,nan,-34.02
2009,2,19,5,0.17,-14.38,-13.80,-20.59,nan,-33.99
2009,2,19,6,0.62,-14.38,-14.17,-20.92,nan,-33.99
2009,2,19,7,1.01,-14.52,-14.37,-21.32,nan,-34.13
2009,2,19,8,1.29,-14.75,-14.60,-21.58,nan,-34.39
2009,2,19,9,1.47,-14.84,-14.77,-21.72,nan,-34.44
2009,2,19,10,1.59,-14.69,-14.78,-21.74,nan,-34.58
2009,2,19,11,1.87,-14.44,-14.87,-21.89,nan,-34.56
2009,2,19,12,2.33,-14.28,-15.06,-22.22,nan,-34.38
2009,2,19,13,2.87,-14.30,-15.21,-22.53,nan,-34.24
2009,2,19,14,3.18,-14.23,-15.42,-22.86,nan,-34.18
2009,2,19,15,3.33,-13.95,-15.63,-23.12,nan,-34.02
2009,2,19,16,3.40,-13.58,-15.60,-23.07,nan,-34.09
2009,2,19,17,3.55,-13.47,-15.30,-22.96,nan,-34.37
2009,2,19,18,3.78,-13.27,-14.91,-23.07,nan,-34.62
2009,2,19,19,4.14,-12.94,-14.43,-23.22,nan,-34.65
2009,2,19,20,4.49,-12.75,-14.39,-23.26,nan,-34.76
2009,2,19,21,4.76,-12.70,-14.71,-23.26,nan,-34.88
2009,2,19,22,4.99,-12.74,-14.93,-23.52,nan,-35.02
2009,2,19,23,5.14,-12.90,-14.91,-23.52,nan,-35.05
2009,2,20,0,5.11,-13.03,-14.67,-23.52,nan,-34.88
2009,2,20,1,5.03,-12.77,-14.25,-23.47,nan,-34.67
2009,2,20,2,5.14,-12.28,-13.83,-23.45,nan,-34.57
2009,2,20,3,5.19,-12.28,-13.47,-23.63,nan,-34.58
2009,2,20,4,5.76,-12.10,-13.30,-23.92,nan,-34.71
2009,2,20,5,6.16,-12.12,-13.11,-24.05,nan,-34.94
2009,2,20,6,6.36,-12.27,-12.96,-24.32,nan,-35.13
2009,2,20,7,6.36,-12.14,-12.91,-24.58,nan,-35.25
2009,2,20,8,6.39,-12.03,-12.87,-24.65,nan,-35.44
2009,2,20,9,6.49,-11.99,-12.73,-24.78,nan,-35.69
2009,2,20,10,6.63,-11.86,-12.51,-25.08,nan,-35.92
2009,2,20,11,6.70,-11.73,-12.27,-25.46,nan,-36.10
2009,2,20,12,6.70,-11.72,-12.14,-25.78,nan,-36.37
2009,2,20,13,6.53,-11.71,-12.00,-25.92,nan,-36.55
2009,2,20,14,6.37,-11.64,-11.69,-25.87,nan,-36.55
2009,2,20,15,6.27,-11.41,-11.28,-25.91,nan,-36.62
2009,2,20,16,6.37,-11.13,-10.93,-25.80,nan,-36.80
2009,2,20,17,6.64,-11.13,-10.65,-26.08,nan,-36.91
2009,2,20,18,7.03,-11.09,-10.40,-26.08,nan,-37.07
2009,2,20,19,7.15,-10.88,-10.05,-26.09,nan,-37.21
2009,2,20,20,7.16,-10.49,-9.58,-25.91,nan,-37.30
2009,2,20,21,7.17,-10.15,-9.53,-26.30,nan,-37.34
2009,2,20,22,7.17,-10.24,-9.76,-26.30,nan,-37.36
2009,2,20,23,7.36,-10.18,-10.11,-26.95,nan,-37.22
2009,2,21,0,7.56,-10.18,-9.97,-26.72,nan,-37.12
2009,2,21,1,7.77,-9.89,-9.97,-25.41,nan,-37.26
2009,2,21,2,7.97,-9.89,-9.95,-25.38,nan,-37.32
2009,2,21,3,8.29,-10.21,-9.61,-25.19,nan,-37.40
2009,2,21,4,8.69,-10.48,-9.52,-25.41,nan,-37.54
2009,2,21,5,8.89,-10.82,-9.64,-25.57,nan,-37.53
2009,2,21,6,8.92,-11.06,-9.84,-25.65,nan,-37.46
2009,2,21,7,8.90,-11.02,-9.74,-25.47,nan,-37.37
2009,2,21,8,8.88,-10.73,-9.42,-25.53,nan,-37.19
2009,2,21,9,8.88,-10.32,-9.20,-25.89,nan,-37.00
2009,2,21,10,9.18,-10.16,-9.17,-26.12,nan,-36.90
2009,2,21,11,9.59,-10.29,-9.08,-26.11,nan,-36.78
2009,2,21,12,9.80,-10.40,-8.84,-25.99,nan,-36.69
2009,2,21,13,9.88,-10.32,-8.57,-25.71,nan,-36.44
2009,2,21,14,9.81,-9.99,-8.37,-25.81,nan,-36.06
2009,2,21,15,9.72,-9.64,-8.19,-25.92,nan,-35.64
2009,2,21,16,9.85,-9.58,-7.99,-25.85,nan,-35.19
2009,2,21,17,10.16,-9.58,-7.85,-25.76,nan,-34.86
2009,2,21,18,10.19,-9.42,-7.60,nan,nan,-34.60
2009,2,21,19,10.29,-9.20,-7.28,nan,nan,-34.20
2009,2,21,20,10.28,-8.84,-7.26,nan,nan,-33.88
2009,2,21,21,10.19,-8.57,-6.56,nan,nan,-33.73
2009,2,21,22,10.32,-8.31,-5.88,-24.23,nan,-33.69
2009,2,21,23,10.54,-8.00,-5.42,-24.23,nan,-33.82
2009,2,22,0,10.61,-7.80,-5.06,-23.39,nan,-33.84
2009,2,22,1,10.60,-7.40,-4.73,-22.82,nan,-33.71
2009,2,22,2,10.31,-6.98,-4.55,-22.51,nan,-33.45
2009,2,22,3,10.05,-6.76,-4.43,-22.38,nan,-33.28
2009,2,22,4,9.74,-6.73,-4.36,-22.45,nan,-33.16
2009,2,22,5,9.49,-6.80,-4.24,-22.08,nan,-33.00
2009,2,22,6,9.32,-6.72,-4.09,-21.72,nan,-32.65
2009,2,22,7,9.22,-6.50,-3.92,-21.72,nan,-32.22
2009,2,22,8,9.06,-6.01,-3.66,-21.70,nan,-31.83
2009,2,22,9,8.73,-5.48,-3.31,-21.74,nan,-31.56
2009,2,22,10,8.27,-5.17,-2.82,-21.61,nan,-31.52
2009,2,22,11,7.83,-4.89,-2.12,-21.35,nan,-31.50
2009,2,22,12,7.52,-4.51,-1.43,-20.98,nan,-31.30
2009,2,22,13,7.37,-4.15,-0.85,-20.60,nan,-31.30
2009,2,22,14,7.22,-3.85,-0.40,-20.42,nan,-30.85
2009,2,22,15,6.99,-3.62,-0.06,-20.38,nan,-30.50
2009,2,22,16,6.74,-3.60,0.45,-20.25,nan,-30.24
2009,2,22,17,6.50,-3.66,1.25,-20.15,nan,-30.09
2009,2,22,18,6.13,-3.71,1.25,-20.18,nan,-29.95
2009,2,22,19,5.84,-3.44,1.25,-20.23,nan,-29.70
2009,2,22,20,5.54,-3.06,1.25,-20.54,nan,-29.47
2009,2,22,21,5.35,-2.72,2.04,-20.50,nan,-29.48
2009,2,22,22,5.19,-2.50,3.41,-20.00,nan,-29.55
2009,2,22,23,4.97,-2.36,3.47,-20.00,nan,-29.47
2009,2,23,0,4.60,-2.06,4.03,-20.25,nan,nan
2009,2,23,1,4.14,-1.56,4.36,-20.25,nan,nan
2009,2,23,2,3.64,-1.02,4.57,-20.10,nan,nan
2009,2,23,3,3.13,-0.62,4.71,-19.86,nan,nan
2009,2,23,4,2.57,-0.59,4.84,-19.75,nan,nan
2009,2,23,5,2.08,-0.75,4.95,-19.75,nan,nan
2009,2,23,6,1.66,-0.90,5.19,-19.85,nan,nan
2009,2,23,7,1.39,-0.91,5.35,-19.88,nan,nan
2009,2,23,8,1.19,-0.91,5.73,-19.88,nan,nan
2009,2,23,9,0.90,-1.06,6.15,-19.86,nan,nan
2009,2,23,10,0.62,-1.45,6.38,-19.82,nan,-27.40
2009,2,23,11,0.33,-1.91,6.66,-19.68,nan,-26.83
2009,2,23,12,0.05,-2.24,7.11,-19.45,nan,-26.30
2009,2,23,13,-0.15,-2.44,7.59,-19.25,nan,-25.82
2009,2,23,14,-0.30,-2.71,8.01,-19.12,nan,-25.17
2009,2,23,15,-0.49,-3.06,8.35,-19.08,nan,-24.46
2009,2,23,16,-0.71,-3.75,8.62,-19.10,nan,-23.40
2009,2,23,17,-0.91,-4.45,8.43,-19.14,nan,-22.39
2009,2,23,18,-1.27,-5.22,8.26,-19.01,nan,-22.02
2009,2,23,19,-1.67,-6.00,8.32,-18.72,nan,-21.73
2009,2,23,20,-2.06,-6.47,9.08,-18.75,nan,-21.18
2009,2,23,21,-2.53,-6.64,10.22,-18.50,nan,-20.75
2009,2,23,22,-2.98,-6.88,10.82,-18.11,nan,-20.25
2009,2,23,23,-3.39,-7.22,10.92,-18.11,nan,-19.88
2009,2,24,0,-3.71,-7.74,11.04,-17.78,nan,-19.73
2009,2,24,1,-4.00,-8.59,10.87,-17.12,nan,-19.57
2009,2,24,2,-4.32,-9.72,10.75,-16.82,nan,-19.29
2009,2,24,3,-4.41,-9.72,10.69,-16.12,nan,-18.83
2009,2,24,4,-5.12,-10.30,10.71,-15.53,nan,-18.40
2009,2,24,5,-5.72,-10.56,10.95,-14.88,nan,-18.12
2009,2,24,6,-6.27,-10.79,11.19,-14.30,nan,-18.13
2009,2,24,7,-6.56,-11.20,11.29,-13.98,nan,-18.12
2009,2,24,8,-6.79,-11.66,11.46,-13.84,nan,-17.88
2009,2,24,9,-7.11,-11.72,11.68,-13.74,nan,-17.64
2009,2,24,10,-7.58,-12.22,12.02,-13.68,nan,-17.31
2009,2,24,11,-7.93,-12.49,12.41,-13.54,nan,-16.92
2009,2,24,12,-8.13,-12.53,12.75,-13.39,nan,-16.61
2009,2,24,13,-8.11,-12.54,12.81,-13.25,nan,-16.71
2009,2,24,14,-8.02,-12.73,12.59,-13.19,nan,-16.86
2009,2,24,15,-8.02,-13.01,12.25,-13.41,nan,-16.69
2009,2,24,16,-8.22,-13.33,11.99,-13.96,nan,-16.25
2009,2,24,17,-8.50,-13.33,11.71,-14.48,nan,-15.76
2009,2,24,18,-8.93,-13.62,11.36,-15.09,nan,-15.68
2009,2,24,19,-9.20,-14.07,11.17,-15.47,nan,-15.85
2009,2,24,20,-9.38,-14.63,11.23,-15.80,nan,-16.09
2009,2,24,21,-9.54,-14.97,11.33,-15.80,nan,-16.20
2009,2,24,22,-9.59,-14.97,11.54,-15.80,nan,-16.07
2009,2,24,23,-9.51,-15.14,11.54,-15.80,nan,-16.25
2009,2,25,0,-9.47,-15.14,11.31,-15.36,nan,-16.78
2009,2,25,1,-9.57,-15.54,11.08,-15.86,nan,-16.97
2009,2,25,2,-9.62,-15.53,10.91,-16.10,nan,-16.89
2009,2,25,3,-9.76,-15.43,10.51,-16.30,nan,-16.70
2009,2,25,4,-9.96,-15.28,10.31,-16.40,nan,-16.57
2009,2,25,5,-10.34,-15.12,10.30,-16.57,nan,-16.62
2009,2,25,6,-10.68,-14.93,10.25,-16.54,nan,-16.82
2009,2,25,7,-11.00,-15.01,10.12,-16.89,nan,-17.00
2009,2,25,8,-11.28,-15.31,9.81,-17.26,nan,-17.15
2009,2,25,9,-11.51,-15.61,9.45,-17.49,nan,-17.16
2009,2,25,10,-12.00,-15.66,9.10,-17.63,nan,-16.92
2009,2,25,11,-12.71,-15.48,8.69,-17.74,nan,-16.62
2009,2,25,12,-13.24,-15.32,8.48,-18.07,nan,-16.33
2009,2,25,13,-13.53,-15.21,8.01,-18.69,nan,-16.42
2009,2,25,14,-13.74,-15.28,7.75,-18.87,nan,-16.45
2009,2,25,15,-13.90,-15.41,7.67,-18.98,nan,-16.38
2009,2,25,16,-14.20,-15.26,7.55,-19.34,nan,-16.34
2009,2,25,17,-14.65,-15.01,7.40,-19.89,nan,-16.30
2009,2,25,18,-14.95,-15.04,7.34,-19.89,nan,-16.25
2009,2,25,19,-15.27,-15.20,7.14,-20.29,nan,-16.26
2009,2,25,20,-15.54,-15.34,6.88,-20.09,nan,-16.06
2009,2,25,21,-15.63,-15.11,6.74,-20.19,nan,-15.86
2009,2,25,22,-15.74,-15.10,6.63,-20.25,nan,-15.61
2009,2,25,23,-15.95,-14.97,6.51,-20.25,nan,-15.22
2009,2,26,0,-16.05,-14.84,6.30,-20.49,-22.59,-14.93
2009,2,26,1,-16.11,-14.76,6.08,-20.80,-22.57,-14.84
2009,2,26,2,-16.11,-14.59,6.10,-21.00,-22.80,-15.15
2009,2,26,3,-15.98,-14.36,6.24,-21.16,-23.15,-15.34
2009,2,26,4,-15.83,-14.07,6.45,-21.33,-23.35,-15.47
2009,2,26,5,-15.73,-13.90,6.56,-21.50,-23.35,-15.54
2009,2,26,6,-15.77,-13.94,6.52,-22.05,-23.19,-15.67
2009,2,26,7,-15.84,-14.08,6.49,-22.40,-23.02,-15.86
2009,2,26,8,-15.90,-14.34,6.63,-22.69,-23.07,-16.05
2009,2,26,9,-15.86,-14.50,6.89,-22.97,-23.35,-16.22
2009,2,26,10,-15.68,-14.44,7.17,-23.30,-23.54,-16.31
2009,2,26,11,-15.41,-14.45,7.32,-23.73,-23.57,-16.35
2009,2,26,12,-15.22,-14.69,7.32,-24.46,-23.51,-16.48
2009,2,26,13,-15.25,-15.04,7.31,-25.42,-23.39,-16.75
2009,2,26,14,-15.50,-15.31,7.50,-26.07,-23.39,-17.04
2009,2,26,15,-15.73,-15.36,8.00,-26.46,-23.47,-17.14
2009,2,26,16,-15.93,-15.10,8.44,-26.68,-23.53,-17.02
2009,2,26,17,-15.89,-14.85,8.77,-26.95,-23.53,-16.85
2009,2,26,18,-15.70,-14.66,8.86,-27.14,-23.39,-16.81
2009,2,26,19,-15.58,-14.78,8.88,-27.26,-23.10,-17.00
2009,2,26,20,-15.48,-15.00,9.01,-27.83,-22.91,-17.18
2009,2,26,21,-15.54,-15.12,9.29,-28.06,-22.89,-17.14
2009,2,26,22,-15.58,-15.39,9.56,-28.30,-22.98,-16.90
2009,2,26,23,-15.52,-15.37,9.87,-28.89,-22.97,-16.79
2009,2,27,0,-15.42,-15.47,10.18,-28.60,-22.84,-16.94
2009,2,27,1,-15.23,-15.63,10.39,-29.64,-22.97,-17.04
2009,2,27,2,-14.97,-15.89,10.52,-30.11,-23.07,-17.23
2009,2,27,3,-14.67,-16.19,10.69,-30.25,-23.02,-17.54
2009,2,27,4,-14.48,-16.32,10.87,-30.24,-22.95,-17.97
2009,2,27,5,-14.36,-16.26,11.12,-30.05,-22.98,-18.39
2009,2,27,6,-14.31,-16.09,11.18,-29.71,-23.05,-18.68
2009,2,27,7,-14.41,-15.91,11.05,-29.65,-23.19,-18.93
2009,2,27,8,-14.60,-15.73,10.82,-29.66,-23.34,-19.22
2009,2,27,9,-14.76,-15.57,10.72,-29.90,-23.36,-19.56
2009,2,27,10,-14.84,-15.37,10.60,nan,-23.29,-20.01
2009,2,27,11,-14.91,-15.15,10.42,nan,-23.18,-20.62
2009,2,27,12,-14.98,-14.84,10.33,nan,-23.20,-21.28
2009,2,27,13,-15.03,-14.47,10.18,nan,-23.31,-21.94
2009,2,27,14,-15.09,-14.09,10.02,nan,-23.36,-22.67
2009,2,27,15,-15.20,-13.87,10.20,nan,-23.21,-23.60
2009,2,27,16,-15.25,-13.52,10.39,nan,-23.12,-24.37
2009,2,27,17,-15.21,-13.07,10.71,nan,-23.16,-24.87
2009,2,27,18,-15.06,-12.63,10.90,nan,-23.31,-25.22
2009,2,27,19,-15.04,-12.28,10.83,-30.41,-23.39,-25.58
2009,2,27,20,-15.18,-11.94,10.57,-30.49,-23.33,-26.10
2009,2,27,21,-15.31,-11.67,10.40,-30.58,-23.22,-26.77
2009,2,27,22,-15.31,-11.22,10.52,nan,-23.12,-27.37
2009,2,27,23,-15.20,-10.76,10.83,nan,-23.10,-27.63
2009,2,28,0,-15.09,-10.07,10.96,nan,-23.21,-27.68
2009,2,28,1,-15.05,-9.43,11.02,nan,nan,-27.83
2009,2,28,2,-15.14,-8.70,10.92,-33.68,nan,-28.24
2009,2,28,3,-15.18,-8.70,10.91,-34.20,nan,-28.61
2009,2,28,4,-15.13,-8.54,10.81,-34.61,nan,-28.78
2009,2,28,5,-15.10,-8.18,10.52,nan,nan,-28.65
2009,2,28,6,-15.05,-7.69,10.26,nan,nan,-28.42
2009,2,28,7,-15.05,-7.27,10.10,nan,nan,-28.24
2009,2,28,8,-15.10,-6.85,9.95,nan,nan,-28.19
2009,2,28,9,-15.25,-6.93,9.69,nan,nan,-28.15
2009,2,28,10,-15.30,-6.65,9.26,nan,nan,-28.17
2009,2,28,11,-15.31,-6.53,8.82,nan,nan,-28.18
2009,2,28,12,-15.39,-6.47,8.54,nan,nan,-28.00
2009,2,28,13,-15.49,-6.63,8.34,nan,nan,-27.50
2009,2,28,14,-15.62,-6.75,8.21,nan,nan,-27.08
2009,2,28,15,-15.73,-6.86,8.01,nan,nan,-26.77
2009,2,28,16,-15.73,-7.05,7.76,nan,nan,-26.64
2009,2,28,17,-15.64,-7.21,7.57,nan,nan,-26.67
2009,2,28,18,-15.58,-7.31,7.40,nan,nan,-26.35
2009,2,28,19,-15.52,-7.12,6.98,nan,nan,-25.87
2009,2,28,20,-15.38,-6.81,6.40,nan,nan,-25.36
2009,2,28,21,-15.15,-6.69,5.72,nan,nan,-24.90
2009,2,28,22,-14.84,-6.69,4.96,nan,nan,-24.70
2009,2,28,23,-14.55,-6.65,4.57,nan,nan,-24.59
2009,3,1,0,-14.16,-6.65,4.32,nan,nan,-24.14
2009,3,1,1,-14.10,-6.72,4.56,nan,nan,-23.60
2009,3,1,2,-14.12,-6.85,4.56,nan,nan,-23.24
2009,3,1,3,-14.23,nan,4.43,nan,nan,-22.95
2009,3,1,4,-14.33,nan,4.30,nan,nan,-22.70
2009,3,1,5,-14.10,nan,4.03,nan,nan,-22.51
2009,3,1,6,-13.76,nan,4.01,nan,nan,-22.22
2009,3,1,7,-13.46,nan,4.05,nan,nan,-21.85
2009,3,1,8,-13.29,nan,4.21,nan,nan,-21.56
2009,3,1,9,-13.24,nan,4.44,nan,nan,-21.30
2009,3,1,10,-13.04,nan,4.80,nan,nan,-21.44
2009,3,1,11,-12.62,nan,5.21,nan,nan,-21.55
2009,3,1,12,-12.21,nan,5.21,nan,nan,-21.63
2009,3,1,13,-11.96,nan,5.00,nan,nan,-21.46
2009,3,1,14,-11.78,nan,4.71,nan,nan,-21.32
2009,3,1,15,-11.67,nan,4.34,nan,nan,-21.39
2009,3,1,16,-11.56,nan,4.02,nan,nan,-21.39
2009,3,1,17,-10.86,nan,3.84,nan,nan,-21.34
2009,3,1,18,-10.05,nan,3.61,nan,nan,-21.11
2009,3,1,19,-9.79,nan,3.67,nan,nan,-20.90
2009,3,1,20,-9.51,nan,3.70,nan,nan,-20.78
2009,3,1,21,-9.21,nan,3.31,nan,nan,-20.70
2009,3,1,22,-8.90,nan,2.91,nan,nan,-20.71
2009,3,1,23,-8.70,nan,2.57,nan,nan,-20.83
2009,3,2,0,-8.55,nan,2.32,nan,nan,-20.96
2009,3,2,1,-8.46,nan,2.18,nan,nan,-21.00
2009,3,2,2,-8.33,nan,2.00,nan,nan,-20.95
2009,3,2,3,-7.65,nan,1.77,nan,nan,-20.76
2009,3,2,4,-7.27,nan,1.65,nan,nan,-20.59
2009,3,2,5,-7.30,nan,1.66,nan,nan,-20.58
2009,3,2,6,-7.34,nan,1.54,nan,nan,-20.58
2009,3,2,7,nan,nan,1.69,nan,nan,-20.48
2009,3,2,8,nan,nan,1.52,nan,nan,-20.25
2009,3,2,9,nan,nan,0.69,nan,nan,-19.81
2009,3,2,10,nan,nan,-0.05,nan,nan,-19.49
2009,3,2,11,nan,nan,-0.84,nan,nan,-19.57
2009,3,2,12,nan,nan,-1.08,nan,nan,-19.84
2009,3,2,13,nan,nan,-1.30,nan,nan,-20.08
2009,3,2,14,nan,nan,-1.64,nan,nan,-20.23
2009,3,2,15,nan,nan,-2.15,nan,nan,-20.23
2009,3,2,16,nan,nan,-2.60,nan,nan,-20.17
2009,3,2,17,nan,nan,-3.04,nan,nan,-20.20
2009,3,2,18,nan,nan,nan,nan,nan,-20.29
2009,3,2,19,nan,nan,nan,nan,nan,-20.27
2009,3,2,20,nan,nan,nan,nan,nan,-20.16
2009,3,2,21,nan,nan,nan,nan,nan,-20.09
2009,3,2,22,nan,nan,nan,nan,nan,-20.06
2009,3,2,23,nan,nan,nan,nan,nan,-20.13
2009,3,3,0,nan,nan,nan,nan,nan,-20.05
2009,3,3,1,nan,nan,nan,nan,nan,-19.68
2009,3,3,2,nan,nan,nan,nan,nan,-19.34
2009,3,3,3,nan,nan,nan,nan,nan,-19.07
2009,3,3,4,nan,nan,nan,nan,nan,-18.82
2009,3,3,5,nan,nan,nan,nan,nan,-18.65
2009,3,3,6,nan,nan,nan,nan,nan,-18.53
2009,3,3,7,nan,nan,nan,nan,nan,-18.31
2009,3,3,8,nan,nan,nan,nan,nan,-18.09
2009,3,3,9,nan,nan,nan,nan,nan,-17.85
2009,3,3,10,nan,nan,nan,nan,nan,-17.56
2009,3,3,11,nan,nan,nan,nan,nan,-17.34
2009,3,3,12,nan,nan,nan,nan,nan,-17.10
2009,3,3,13,nan,nan,nan,nan,nan,-16.75
2009,3,3,14,nan,nan,nan,nan,nan,-16.34
2009,3,3,15,nan,nan,nan,nan,nan,-15.82
2009,3,3,16,nan,nan,nan,nan,nan,-15.44
2009,3,3,17,nan,nan,nan,nan,nan,-15.12
2009,3,3,18,nan,nan,nan,nan,nan,-14.87
2009,3,3,19,nan,nan,nan,nan,nan,-14.53
2009,3,3,20,nan,nan,nan,nan,nan,-14.10
2009,3,3,21,nan,nan,nan,nan,nan,-13.43
2009,3,3,22,nan,nan,nan,nan,nan,-12.80
2009,3,3,23,nan,nan,nan,nan,nan,-12.35
2009,3,4,0,nan,nan,nan,nan,nan,-12.04
2009,3,4,1,nan,nan,nan,nan,-47.93,-11.95
2009,3,4,2,nan,nan,nan,nan,-47.73,-11.67
2009,3,4,3,nan,nan,nan,nan,-47.58,-11.27
2009,3,4,4,nan,nan,nan,nan,-47.50,-11.02
2009,3,4,5,nan,nan,nan,nan,-47.53,-11.02
2009,3,4,6,nan,nan,nan,nan,-47.66,-11.14
2009,3,4,7,nan,nan,nan,nan,-47.70,-11.44
2009,3,4,8,nan,nan,nan,nan,-47.79,-11.63
2009,3,4,9,nan,nan,nan,nan,-47.91,-11.63
2009,3,4,10,nan,nan,nan,nan,-48.09,-11.63
2009,3,4,11,nan,nan,nan,nan,-48.15,-11.75
2009,3,4,12,nan,nan,nan,nan,-48.00,-12.01
2009,3,4,13,nan,nan,nan,nan,-47.62,-12.35
2009,3,4,14,nan,nan,nan,nan,-47.23,-12.61
2009,3,4,15,nan,nan,nan,nan,-46.92,-12.98
2009,3,4,16,nan,nan,nan,nan,-46.62,-13.39
2009,3,4,17,nan,nan,nan,nan,-46.46,-13.79
2009,3,4,18,nan,nan,nan,nan,-46.51,-14.25
2009,3,4,19,nan,nan,nan,-21.97,-46.62,-14.55
2009,3,4,20,nan,nan,nan,-21.97,-46.58,-14.84
2009,3,4,21,nan,nan,nan,nan,-46.32,-15.36
2009,3,4,22,nan,nan,nan,-22.17,-46.01,-15.89
2009,3,4,23,nan,nan,nan,-22.12,-45.83,-16.25
2009,3,5,0,nan,nan,nan,-22.12,-45.65,-16.57
2009,3,5,1,nan,nan,nan,-22.07,-45.35,-16.98
2009,3,5,2,nan,nan,nan,-22.16,-44.96,-17.49
2009,3,5,3,nan,nan,nan,-22.27,-44.66,-18.09
2009,3,5,4,nan,nan,nan,-22.35,-44.49,-18.61
2009,3,5,5,nan,nan,nan,-22.32,-44.45,-18.93
2009,3,5,6,nan,nan,nan,-22.39,-44.36,-19.07
2009,3,5,7,nan,nan,nan,-22.39,-44.10,-19.23
2009,3,5,8,nan,nan,nan,-22.63,-43.62,-19.51
2009,3,5,9,nan,nan,nan,-22.70,-43.13,-20.12
2009,3,5,10,nan,nan,nan,-22.66,-43.00,-20.52
2009,3,5,11,nan,nan,nan,-22.42,-43.21,-20.84
2009,3,5,12,nan,nan,nan,-22.30,-43.30,-20.97
2009,3,5,13,nan,nan,nan,-22.35,-43.08,-21.06
2009,3,5,14,nan,nan,nan,-22.54,-42.53,-21.23
2009,3,5,15,nan,nan,nan,-22.63,-41.95,-21.34
2009,3,5,16,nan,nan,nan,-22.55,-41.63,-21.49
2009,3,5,17,nan,nan,nan,-22.56,-41.52,-21.67
2009,3,5,18,nan,nan,nan,-22.65,-41.50,-21.82
2009,3,5,19,nan,nan,nan,-22.72,-41.33,-21.85
2009,3,5,20,nan,nan,nan,-22.78,-41.01,-22.01
2009,3,5,21,nan,nan,nan,-22.79,-40.91,-22.34
2009,3,5,22,nan,-5.89,nan,-22.79,-40.66,-22.73
2009,3,5,23,nan,-6.27,nan,-22.79,-40.59,-22.94
2009,3,6,0,nan,-6.80,nan,-22.79,-40.60,-22.84
2009,3,6,1,nan,-7.27,nan,-22.30,-40.42,-22.68
2009,3,6,2,21.82,-7.71,nan,-22.06,-39.84,-22.79
2009,3,6,3,21.48,-8.06,nan,-22.16,-39.29,-23.14
2009,3,6,4,21.35,-8.47,nan,-21.96,-39.07,-23.37
2009,3,6,5,21.19,-8.55,nan,-21.80,-39.15,-23.40
2009,3,6,6,20.88,-8.68,nan,-21.36,-39.32,-23.41
2009,3,6,7,20.67,-8.96,nan,-21.14,-39.39,-23.57
2009,3,6,8,20.35,-9.24,nan,-21.25,-39.43,-23.68
2009,3,6,9,20.03,-9.71,nan,-21.15,-39.46,-23.95
2009,3,6,10,19.67,-10.28,nan,-20.77,-39.47,-24.18
2009,3,6,11,19.24,-10.80,nan,-20.31,-39.63,-24.09
2009,3,6,12,18.86,-11.26,nan,-20.09,-39.78,-23.85
2009,3,6,13,18.52,-11.69,nan,-19.95,-39.89,-23.60
2009,3,6,14,18.40,-12.07,nan,-19.92,-39.91,-23.37
2009,3,6,15,18.28,-12.46,-12.09,-20.29,-39.82,-23.47
2009,3,6,16,18.16,-12.82,-12.09,-20.08,-39.67,-23.74
2009,3,6,17,18.19,-12.98,-11.95,-19.68,-39.72,-23.90
2009,3,6,18,18.21,-13.12,-11.91,-19.28,-39.83,-23.90
2009,3,6,19,18.20,-13.25,-11.84,-18.95,-39.91,-23.81
2009,3,6,20,18.24,-13.25,-11.60,-18.64,-39.79,-23.76
2009,3,6,21,18.04,-13.27,-11.25,-18.72,-39.55,-23.82
2009,3,6,22,17.85,-13.31,-10.97,-18.81,-39.46,-23.91
2009,3,6,23,17.70,-13.26,-10.89,-19.03,-39.35,-23.81
2009,3,7,0,17.27,-13.18,-11.00,-18.89,-39.34,-23.70
2009,3,7,1,16.99,-13.54,-11.00,-18.91,-39.42,-23.63
2009,3,7,2,16.92,-13.67,-11.24,-18.88,-39.35,-23.68
2009,3,7,3,16.95,-13.68,-11.59,-19.01,-39.23,-23.81
2009,3,7,4,17.02,-13.65,-11.91,-19.14,-39.15,-24.08
2009,3,7,5,17.19,-13.57,-12.09,-19.08,-39.14,-24.32
2009,3,7,6,17.19,-13.71,-12.17,-18.68,-39.27,-24.30
2009,3,7,7,17.05,-13.96,-12.17,-17.98,-39.32,-24.28
2009,3,7,8,16.83,-14.16,-11.89,-17.37,-39.26,-24.32
2009,3,7,9,16.06,-14.30,-11.56,-16.95,-39.26,-24.38
2009,3,7,10,15.44,-14.54,-11.23,-16.72,-39.41,-24.45
2009,3,7,11,15.01,-14.99,-10.83,-16.48,-39.70,-24.46
2009,3,7,12,14.57,-15.50,-10.48,-16.13,-39.94,-24.47
2009,3,7,13,14.24,-15.97,-10.32,-16.00,-40.04,-24.68
2009,3,7,14,13.99,-16.45,-10.41,-15.86,-40.24,-24.94
2009,3,7,15,13.69,-16.95,-10.75,-15.50,-40.59,-25.26
2009,3,7,16,13.44,-17.49,-10.84,-15.13,-40.94,-25.65
2009,3,7,17,13.13,-17.83,-10.89,-14.94,-41.17,-25.99
2009,3,7,18,12.74,-18.23,-10.83,-14.78,-41.26,-26.06
2009,3,7,19,12.61,-18.54,-10.63,-14.82,-41.39,-26.16
2009,3,7,20,12.53,-18.81,-10.50,-14.72,-41.54,-26.45
2009,3,7,21,12.48,-18.91,-10.46,-14.71,-41.71,-26.90
2009,3,7,22,12.44,-18.91,-10.47,-14.74,-41.95,-27.31
2009,3,7,23,12.43,-19.00,-10.36,-14.76,-42.24,-27.61
2009,3,8,0,12.14,-19.08,-10.32,-14.87,-42.53,-27.79
2009,3,8,1,11.88,-19.34,-10.74,-14.96,-42.66,-27.81
2009,3,8,2,11.78,-19.61,-11.09,-14.83,-42.72,-28.11
2009,3,8,3,11.75,-19.88,-11.51,-14.78,-42.79,-28.70
2009,3,8,4,11.85,-19.98,-11.70,-14.75,-42.87,-29.07
2009,3,8,5,12.01,-19.87,-11.73,-14.78,-42.88,-29.21
2009,3,8,6,12.19,-19.86,-11.57,-15.00,-42.67,-29.19
2009,3,8,7,12.40,-19.95,-11.53,-15.35,-42.43,-29.00
2009,3,8,8,12.38,-20.15,-11.60,-15.50,-42.25,-29.12
2009,3,8,9,12.05,-20.25,-11.54,-15.46,-42.16,-29.48
2009,3,8,10,11.66,-20.17,-11.24,-15.35,-42.02,-29.84
2009,3,8,11,11.53,-19.89,-11.01,-15.29,-41.97,-30.17
2009,3,8,12,11.54,-19.61,-11.05,-15.37,-42.00,-30.35
2009,3,8,13,11.53,-19.39,-11.32,-15.60,-42.26,-30.49
2009,3,8,14,11.46,-19.28,-11.60,-15.73,-42.65,-30.68
2009,3,8,15,11.24,-19.23,-11.74,-15.74,-42.99,-30.88
2009,3,8,16,11.22,-19.18,-11.62,-15.72,-43.18,-31.02
2009,3,8,17,11.15,-18.97,-11.58,-15.84,-43.24,-31.06
2009,3,8,18,11.31,-18.83,-11.58,-16.02,-43.10,-31.07
2009,3,8,19,11.48,-18.87,-11.87,-16.35,-42.69,-31.15
2009,3,8,20,11.49,-18.87,-12.27,-16.48,-42.36,-31.20
2009,3,8,21,11.27,-18.83,-12.51,-16.65,-42.15,-31.25
2009,3,8,22,10.92,-18.74,-12.61,-16.85,-42.19,-31.36
2009,3,8,23,10.55,-18.52,-12.65,-17.01,-42.25,-31.28
2009,3,9,0,10.20,-18.57,-12.72,-17.01,-42.36,-31.24
2009,3,9,1,9.89,-18.89,-13.01,-16.99,-42.33,-31.22
2009,3,9,2,9.40,-18.95,-13.45,-16.80,-42.07,-31.25
2009,3,9,3,8.86,-19.33,-14.03,-16.58,-41.56,-31.34
2009,3,9,4,8.55,-19.79,-14.50,-16.41,-41.08,-31.43
2009,3,9,5,8.53,-20.22,-14.68,-16.81,-40.71,-31.52
2009,3,9,6,8.42,-20.58,-14.71,-16.90,-40.46,-31.65
2009,3,9,7,8.11,-20.90,-14.66,-17.14,-40.13,-31.76
2009,3,9,8,7.76,-21.03,-14.45,-17.10,-39.83,-31.69
2009,3,9,9,7.52,-21.14,-14.11,-17.22,-39.44,-31.35
2009,3,9,10,7.28,-21.22,-13.75,-17.49,-38.76,-30.95
2009,3,9,11,7.11,-21.25,-13.30,-17.71,-37.97,-30.65
2009,3,9,12,6.85,-21.23,-12.91,-17.76,-37.30,-30.58
2009,3,9,13,6.65,-21.36,-12.56,-17.64,-36.69,-30.64
2009,3,9,14,6.34,-21.45,-12.23,-17.55,-36.28,-30.68
2009,3,9,15,5.96,-21.49,-11.93,-17.75,-35.94,-30.82
2009,3,9,16,5.68,-21.26,-11.76,-18.07,-35.48,-31.02
2009,3,9,17,5.49,-21.02,-11.40,-18.29,-34.94,-31.04
2009,3,9,18,5.18,-20.66,-10.97,-18.34,-34.53,-30.90
2009,3,9,19,4.68,-20.48,-10.44,-18.31,-34.14,-30.72
2009,3,9,20,4.24,-20.41,-9.88,-18.17,-33.71,-30.33
2009,3,9,21,3.86,-20.26,-9.33,-18.20,-33.19,-29.87
2009,3,9,22,3.43,-19.92,-8.85,-18.20,-32.65,-29.47
2009,3,9,23,3.10,-19.51,-8.84,-17.97,-32.08,-29.20
2009,3,10,0,2.84,-19.27,-8.97,-17.97,-31.58,-29.08
2009,3,10,1,2.78,-18.87,-8.21,-17.97,-31.30,-28.92
2009,3,10,2,2.65,-18.44,-7.44,-17.99,-31.26,-28.75
2009,3,10,3,2.71,-18.05,-6.79,-18.13,-31.19,-28.53
2009,3,10,4,2.90,-17.67,-6.51,-18.39,-30.89,-28.45
2009,3,10,5,3.18,-17.44,-6.22,-18.51,-30.35,-28.37
2009,3,10,6,3.45,-17.25,-5.82,-18.92,-29.80,-28.18
2009,3,10,7,3.27,-17.06,-5.38,-19.04,-29.31,-27.91
2009,3,10,8,3.24,-16.84,-4.78,-19.30,-28.77,-27.71
2009,3,10,9,3.38,-16.47,-4.20,-19.99,-28.19,-27.55
2009,3,10,10,3.73,-15.99,-3.79,-20.77,-27.64,-27.34
2009,3,10,11,4.11,-15.64,-3.47,-21.43,-27.03,-27.21
2009,3,10,12,4.16,-15.40,-3.07,-21.88,-26.47,-27.24
2009,3,10,13,4.06,-15.14,-2.63,-22.16,-25.99,-27.25
2009,3,10,14,4.04,-14.91,-2.06,-22.55,-25.62,-27.30
2009,3,10,15,4.12,-14.60,-1.48,-22.78,-25.25,-27.28
2009,3,10,16,4.09,-14.24,-1.13,-23.18,-24.80,-27.26
2009,3,10,17,3.72,-13.93,-0.87,-23.67,-24.12,-27.20
2009,3,10,18,3.22,-13.59,-0.56,-24.14,-23.39,-27.00
2009,3,10,19,2.75,-13.33,-0.32,-24.47,-23.11,-26.70
2009,3,10,20,2.17,-13.12,-0.20,-24.82,-22.94,-26.43
2009,3,10,21,1.78,-12.77,-0.16,-25.00,-22.71,-26.14
2009,3,10,22,1.41,-12.31,-0.07,-24.97,-22.31,-25.87
2009,3,10,23,1.00,-11.99,0.14,-25.27,-22.03,-25.59
2009,3,11,0,0.75,-11.80,0.45,-25.53,-21.83,-25.30
2009,3,11,1,0.46,-11.66,0.48,-25.46,-21.41,-25.35
2009,3,11,2,0.22,-11.23,0.74,-25.44,-21.10,-25.40
2009,3,11,3,0.01,-11.23,1.14,-25.39,-20.86,-25.35
2009,3,11,4,-0.52,-11.36,1.48,-25.58,-20.42,-25.13
2009,3,11,5,-1.49,-10.91,1.80,-25.94,-19.87,-24.86
2009,3,11,6,-2.29,-10.47,1.89,-26.23,-19.20,-24.75
2009,3,11,7,-2.89,-10.14,1.66,-26.54,-18.58,-24.69
2009,3,11,8,-3.07,-9.95,1.06,-26.85,-18.07,-24.59
2009,3,11,9,-2.85,-9.83,0.52,-27.27,-17.63,-24.38
2009,3,11,10,-2.68,-9.58,0.05,-27.79,-16.97,-24.12
2009,3,11,11,-2.71,-9.25,-0.30,-28.38,-16.19,-23.91
2009,3,11,12,-2.84,-8.97,-0.51,-28.97,-15.42,-23.74
2009,3,11,13,-3.16,-8.77,-0.54,-29.20,-14.77,-23.41
2009,3,11,14,-3.47,-8.51,-0.40,-29.21,-14.21,-23.10
2009,3,11,15,-3.67,-8.15,0.01,-29.67,-13.72,-22.76
2009,3,11,16,-3.75,-7.62,0.36,-30.54,-13.19,-22.42
2009,3,11,17,-3.85,-7.09,0.48,-30.87,-12.80,-22.14
2009,3,11,18,-4.04,-6.67,0.52,-31.44,-12.56,-22.03
2009,3,11,19,-4.36,-6.27,0.51,-31.84,-12.37,-21.97
2009,3,11,20,-4.88,-5.78,0.55,-32.18,-12.10,-21.68
2009,3,11,21,-5.44,-5.26,0.82,-32.78,-11.69,-21.29
2009,3,11,22,-5.93,-4.64,1.22,-32.98,-11.39,-20.99
2009,3,11,23,-6.29,-4.01,1.56,-33.22,-11.15,-20.72
2009,3,12,0,-6.20,-3.58,1.66,-34.22,-10.97,-20.58
2009,3,12,1,-6.14,-3.08,1.96,-34.61,-10.74,-20.54
2009,3,12,2,-6.30,-2.53,2.21,-34.90,-10.58,-20.44
2009,3,12,3,-6.39,-2.17,2.55,-35.25,-10.50,-20.28
2009,3,12,4,-6.52,-1.85,2.82,-35.82,-10.44,-20.20
2009,3,12,5,-6.63,-1.60,3.08,-36.34,-10.38,-20.04
2009,3,12,6,-6.64,-1.41,3.20,-36.77,-10.45,-19.87
2009,3,12,7,-6.88,-1.04,3.15,-37.08,-10.46,-19.65
2009,3,12,8,-7.10,-0.54,3.18,-37.60,-10.27,-19.17
2009,3,12,9,-7.21,-0.15,3.40,-38.27,-9.94,-18.56
2009,3,12,10,-7.05,0.13,3.59,-38.83,-9.60,-17.97
2009,3,12,11,-6.97,0.22,3.88,-39.39,-9.28,-17.44
2009,3,12,12,-7.05,0.27,4.15,-39.96,-9.10,-17.01
2009,3,12,13,-7.38,0.36,4.52,-40.41,-8.81,-16.65
2009,3,12,14,-7.72,0.51,5.12,-40.84,-8.41,-16.26
2009,3,12,15,-7.87,0.96,5.86,-41.22,-8.19,-15.76
2009,3,12,16,-7.97,1.46,6.46,-41.44,-8.23,-15.34
2009,3,12,17,-7.90,1.82,6.81,-42.06,-8.38,-15.05
2009,3,12,18,-7.73,2.02,7.04,-42.60,-8.57,-14.74
2009,3,12,19,-7.57,2.16,7.46,-42.94,-8.77,-14.43
2009,3,12,20,-7.36,2.29,8.02,-43.53,-8.92,-14.17
2009,3,12,21,-7.13,2.53,8.58,-44.09,-9.08,-13.59
2009,3,12,22,-6.87,2.67,9.06,-44.58,-9.08,-12.77
2009,3,12,23,-6.60,2.51,9.50,-45.40,-9.04,-12.20
2009,3,13,0,-6.47,2.60,9.88,-45.82,-9.02,-11.88
2009,3,13,1,-6.54,2.78,10.22,-46.56,-9.22,-11.65
2009,3,13,2,-6.57,2.84,10.63,-46.93,-9.77,-11.43
2009,3,13,3,-6.45,2.98,11.08,-47.19,-10.34,-11.07
2009,3,13,4,-6.29,3.23,11.61,-47.38,-10.79,-10.60
2009,3,13,5,-6.06,3.61,12.08,-47.33,-11.14,-10.17
2009,3,13,6,-5.85,3.94,12.28,-47.44,-11.33,-9.92
2009,3,13,7,-5.56,4.10,12.17,-47.62,-11.47,-9.74
2009,3,13,8,-5.21,3.93,11.95,-47.80,-11.66,-9.66
2009,3,13,9,-5.02,3.66,11.64,-47.81,-11.93,-9.50
2009,3,13,10,-5.04,3.43,11.33,-47.66,-12.11,-9.20
2009,3,13,11,-5.02,3.32,11.15,-47.61,-12.22,-8.92
2009,3,13,12,-5.02,3.38,10.86,-47.71,-12.27,-8.58
2009,3,13,13,-4.91,3.51,10.41,-47.83,-12.37,-8.15
2009,3,13,14,-4.52,3.57,10.00,-48.00,-12.43,-7.79
2009,3,13,15,-4.23,3.53,9.75,-47.95,-12.56,-7.39
2009,3,13,16,-4.22,3.42,9.81,-47.71,-12.75,-6.94
2009,3,13,17,-4.41,3.35,9.83,-47.49,-12.93,-6.65
2009,3,13,18,-4.69,3.26,9.59,-47.39,-13.01,-6.55
2009,3,13,19,-4.89,3.29,9.07,-47.56,-13.19,-6.48
2009,3,13,20,-5.01,3.14,8.64,-47.97,-13.43,-6.42
2009,3,13,21,-5.15,2.73,8.02,-47.77,-13.65,-6.24
2009,3,13,22,-5.34,2.30,7.22,-47.65,-13.80,-6.02
2009,3,13,23,-5.61,2.00,6.94,-48.30,-13.96,-5.82
2009,3,14,0,-5.79,1.97,6.72,-47.93,-14.12,-5.74
2009,3,14,1,-5.97,1.90,5.99,-47.53,-14.29,-5.59
2009,3,14,2,-6.17,1.58,5.29,-47.39,-14.38,-5.32
2009,3,14,3,-6.49,1.09,4.56,-47.37,-14.34,-5.11
2009,3,14,4,-6.82,0.67,3.89,-47.32,-14.24,-4.98
2009,3,14,5,-7.17,0.26,3.34,-47.04,-14.33,-5.00
2009,3,14,6,-7.47,-0.07,2.84,-46.71,-14.46,-5.01
2009,3,14,7,-7.57,-0.25,2.40,-46.53,-14.83,-4.96
2009,3,14,8,-7.63,-0.46,1.87,-46.42,-15.09,-4.89
2009,3,14,9,-7.76,-0.71,1.35,-46.13,-15.06,-4.84
2009,3,14,10,-7.98,-0.96,0.84,-45.63,-15.13,-4.91
2009,3,14,11,-8.40,-1.14,0.45,-45.08,-15.29,-4.98
2009,3,14,12,-8.66,-1.15,0.08,-44.63,-15.47,-4.95
2009,3,14,13,-8.52,-1.22,-0.28,-44.32,-15.77,-4.84
2009,3,14,14,-8.65,-1.37,-0.73,-44.17,-15.85,-4.70
2009,3,14,15,-8.75,-1.59,-1.28,-43.99,-15.79,-4.52
2009,3,14,16,-8.83,-1.97,-1.88,-43.98,-15.68,-4.45
2009,3,14,17,-9.06,-2.33,-2.51,-43.90,-15.73,-4.60
2009,3,14,18,-9.46,-2.91,-2.95,-44.05,-15.80,-4.82
2009,3,14,19,-9.98,-3.62,-3.41,-43.84,-15.60,-5.05
2009,3,14,20,-10.42,-4.41,-3.93,-43.82,-15.57,-5.29
2009,3,14,21,-10.75,-5.09,-4.43,-43.72,-15.53,-5.47
2009,3,14,22,-10.92,-5.59,-4.82,-43.72,-15.30,-5.58
2009,3,14,23,-11.15,-5.89,-5.00,-43.66,-15.04,-5.78
2009,3,15,0,-11.43,-6.24,-4.98,-43.63,-14.90,-5.95
2009,3,15,1,-11.61,-6.60,-4.80,-43.95,-15.17,-5.72
2009,3,15,2,-11.97,-7.04,-4.75,-44.08,-15.37,-5.33
2009,3,15,3,-12.28,-7.11,-4.83,-44.41,-15.29,-5.02
2009,3,15,4,-12.26,-7.17,-4.96,-44.53,-15.11,-4.85
2009,3,15,5,-12.21,-7.71,-5.07,-44.63,-15.00,-4.73
2009,3,15,6,-12.30,-8.25,-4.82,-44.66,-15.03,-4.64
2009,3,15,7,-12.41,-8.57,-4.41,-44.72,-15.20,-4.49
2009,3,15,8,-12.64,-8.79,-4.07,-44.81,-15.23,-4.39
2009,3,15,9,-13.00,-9.08,-3.81,-44.82,-14.71,-4.26
2009,3,15,10,-13.28,-9.55,-3.49,-44.68,-14.00,-4.09
2009,3,15,11,-13.46,-10.03,-3.14,-44.39,-13.50,-4.08
2009,3,15,12,-13.73,-10.40,-2.79,-44.05,-13.12,-4.11
2009,3,15,13,-13.93,-10.60,-2.55,-43.80,-12.80,-4.22
2009,3,15,14,-14.14,-10.72,-2.35,-43.71,-12.32,-4.22
2009,3,15,15,-14.42,-10.96,-2.36,-43.46,-11.73,-4.27
2009,3,15,16,-14.71,-11.53,-2.47,-42.96,-11.11,-4.29
2009,3,15,17,-14.97,-12.24,-2.50,-42.64,-10.62,-4.38
2009,3,15,18,-15.26,-12.69,-2.33,-42.06,-10.03,-4.49
2009,3,15,19,-15.54,-13.13,-2.00,-41.45,-9.46,-4.55
2009,3,15,20,-15.77,-13.66,-1.70,-41.42,-8.98,-4.80
2009,3,15,21,-15.91,-14.34,-1.74,-40.75,-8.63,-5.05
2009,3,15,22,-16.01,-15.15,-1.94,-40.43,-8.23,-5.08
2009,3,15,23,-16.18,-15.76,-2.23,-40.15,-7.81,-5.17
2009,3,16,0,-16.43,-16.08,-2.18,-39.79,-7.43,-5.33
2009,3,16,1,-16.58,-16.30,-2.39,-39.62,-7.09,-5.40
2009,3,16,2,-16.66,-16.47,-2.36,-39.73,-6.72,-5.30
2009,3,16,3,-16.76,-16.70,-2.11,-39.69,-6.28,-5.18
2009,3,16,4,-16.79,-17.03,-1.91,-39.15,-5.80,-5.17
2009,3,16,5,-16.76,-17.36,-1.80,-38.80,-5.30,-5.23
2009,3,16,6,-16.76,-17.36,-1.75,-38.14,-4.77,-5.25
2009,3,16,7,-17.02,-17.50,-1.68,-37.66,-4.35,-5.26
2009,3,16,8,-17.20,-17.76,-1.80,-37.28,-3.99,-5.36
2009,3,16,9,-17.47,-18.10,-2.26,-36.79,-3.58,-5.49
2009,3,16,10,-18.06,-18.54,-2.70,-36.25,-3.28,-5.69
2009,3,16,11,-19.01,-18.86,-2.98,-35.65,-3.05,-6.01
2009,3,16,12,-19.79,-19.11,-3.04,-34.86,-2.77,-6.27
2009,3,16,13,-20.15,-19.24,-2.96,-34.07,-2.65,-6.27
2009,3,16,14,-20.40,-19.25,-2.98,-33.46,-2.60,-6.33
2009,3,16,15,-20.73,nan,-3.34,-32.82,-2.37,-6.62
2009,3,16,16,-21.29,nan,-3.96,-32.08,-1.98,-6.86
2009,3,16,17,-21.96,nan,-4.41,-31.26,-1.59,-6.83
2009,3,16,18,-22.53,nan,-4.57,-30.38,-1.13,-6.62
2009,3,16,19,-22.86,nan,-4.60,-29.44,-0.81,-6.42
2009,3,16,20,-23.20,nan,-4.79,-28.42,-0.56,-6.27
2009,3,16,21,-23.67,nan,-5.19,-27.51,-0.38,-6.54
2009,3,16,22,-24.51,nan,-5.63,-26.66,-0.27,-7.03
2009,3,16,23,-25.65,nan,-5.93,-26.27,-0.15,-7.30
2009,3,17,0,-26.37,nan,-5.85,-25.97,0.07,-7.20
2009,3,17,1,-26.46,nan,-5.62,-25.64,0.42,-6.97
2009,3,17,2,-26.46,nan,-5.20,-24.73,0.91,-6.63
2009,3,17,3,-26.68,nan,-4.88,-23.83,1.25,-6.41
2009,3,17,4,-27.21,nan,-4.92,-23.40,1.49,-6.47
2009,3,17,5,-28.04,nan,-5.00,-22.24,1.68,-6.50
2009,3,17,6,-28.49,nan,-4.69,-21.39,1.79,-6.24
2009,3,17,7,-28.76,nan,-4.25,-20.89,1.83,-5.88
2009,3,17,8,-29.07,nan,-3.99,-20.50,1.85,-5.53
2009,3,17,9,-29.35,nan,-3.78,-20.18,1.82,-5.47
2009,3,17,10,-29.74,nan,-3.47,-19.84,1.70,-5.65
2009,3,17,11,-30.31,nan,-3.18,-19.34,1.50,-5.77
2009,3,17,12,-30.70,nan,-2.64,-18.87,1.30,-5.78
2009,3,17,13,-30.80,nan,-1.96,-18.67,1.15,-5.84
2009,3,17,14,-30.81,nan,-1.48,-18.39,0.93,-5.91
2009,3,17,15,-30.98,nan,-1.16,-18.12,0.62,-6.01
2009,3,17,16,-31.41,nan,-0.94,-18.01,0.35,-6.15
2009,3,17,17,-31.85,nan,-0.90,-17.91,0.06,-6.27
2009,3,17,18,-31.95,nan,-0.64,-17.79,-0.18,-6.22
2009,3,17,19,-31.83,nan,-0.10,-17.62,-0.32,-6.14
2009,3,17,20,-31.85,nan,0.46,-17.25,-0.37,-6.19
2009,3,17,21,-32.07,nan,1.04,-16.67,-0.52,-6.31
2009,3,17,22,-32.31,nan,1.60,-16.19,-0.64,-6.31
2009,3,17,23,-32.31,nan,2.06,-16.19,-0.70,-6.31
